opcode,direction,bourgeon,client_len_type,client_len,replay_flag_f5,zone_recv_handler,server_len,names
0x0064,CZ,,FIX,55,0,,55,CA_LOGIN
0x0065,?,,FIX,17,0,,17,
0x0066,CZ,,FIX,3,0,,6,CH_SELECT_CHAR
0x0067,CZ,,FIX,37,0,,37,CH_MAKE_CHAR
0x0068,CZ,,FIX,46,0,,46,CH_DELETE_CHAR
0x0069,ZC,,VAR,47,0,,-1,AC_ACCEPT_LOGIN
0x006A,ZC,,FIX,23,0,,23,AC_REFUSE_LOGIN
0x006B,ZC,,VAR,24,0,,-1,HC_ACCEPT_ENTER
0x006C,ZC,,FIX,3,0,,3,HC_REFUSE_ENTER
0x006D,ZC,,FIX,157,0,,108,HC_ACCEPT_MAKECHAR
0x006E,ZC,,FIX,3,0,,3,HC_REFUSE_MAKECHAR
0x006F,ZC,,FIX,2,0,,2,HC_ACCEPT_DELETECHAR
0x0070,ZC,,FIX,3,0,,6,HC_REFUSE_DELETECHAR
0x0071,ZC,,FIX,28,0,,28,HC_NOTIFY_ZONESVR
0x0072,CZ,,FIX,22,0,,22,CZ:UseSkillToId
0x0073,ZC,,FIX,11,1,0xC9E996,,ZC_ACCEPT_ENTER
0x0074,ZC,,FIX,3,0,,,ZC_REFUSE_ENTER
0x0075,ZC,,VAR,11,1,0xC9E1DD,-1,
0x0076,ZC,,FIX,9,1,0xC9E1DD,9,
0x0077,ZC,,FIX,5,1,0xC9E1DD,5,
0x0078,ZC,,FIX,55,1,0xC9E499,,
0x0079,ZC,,FIX,53,1,0xCA0ED9,53,
0x007A,ZC,,FIX,58,1,0xC9E1DD,58,
0x007B,ZC,,FIX,60,1,0xC9E4E1,60,
0x007C,ZC,,FIX,44,1,0xC9E4D0,41,
0x007D,CZ,,FIX,2,0,,2,CZ:LoadEndAck
0x007E,CZ,,FIX,46,0,,105,CZ:UseSkillToPosMoreInfo
0x007F,ZC,,FIX,6,1,0xC9E809,,ZC_NOTIFY_TIME
0x0080,ZC,,FIX,7,1,0xC9E4F2,,ZC_NOTIFY_VANISH
0x0081,ZC,,FIX,3,0,0xC9E503,,SC_NOTIFY_BAN
0x0082,?,,FIX,2,0,,2,
0x0083,ZC,,FIX,2,1,0xC9E1DD,2,
0x0084,ZC,,FIX,2,1,0xC9E1DD,2,
0x0085,CZ,,FIX,10,0,,10,CZ:ChangeDir
0x0086,ZC,,FIX,16,1,0xC9E53A,,ZC_NOTIFY_MOVE
0x0087,ZC,,FIX,12,1,0xC9E5D4,,ZC_NOTIFY_PLAYERMOVE
0x0088,ZC,,FIX,10,1,0xCA00F1,,ZC_STOPMOVE
0x0089,CZ,,FIX,11,0,,11,CZ:TickSend
0x008A,ZC,,FIX,29,1,0xC9E65A,,ZC_NOTIFY_ACT
0x008B,ZC,,FIX,23,1,0xCA3AEB,2,
0x008C,CZ,,FIX,14,0,,14,CZ:GetCharNameRequest
0x008D,ZC,,VAR,8,1,0xC9E723,-1,ZC_NOTIFY_CHAT
0x008E,ZC,,VAR,4,1,0xC9E6EC,-1,
0x0090,CZ,,FIX,7,0,,,CZ_CONTACTNPC
0x0091,ZC,observed,FIX,22,1,0xC9E908,,ZC_NPCACK_MAPMOVE
0x0092,ZC,,FIX,28,1,0xC9E985,,ZC_NPCACK_SERVERMOVE
0x0093,ZC,,FIX,2,1,0xC9E919,2,
0x0094,CZ,,FIX,19,0,,19,CZ:MoveToKafra
0x0095,ZC,,FIX,30,1,0xC9EB2C,,ZC_ACK_REQNAMEALL_NPC
0x0096,CZ,,VAR,28,0,,-1,CZ:WisMessage
0x0097,ZC,,VAR,32,1,0xC9ECC6,,ZC_WHISPER
0x0098,ZC,,FIX,3,1,0xC9E1DD,,ZC_ACK_WHISPER
0x0099,CZ,,VAR,4,0,,,CZ_BROADCAST
0x009A,ZC,,VAR,4,1,0xC9ECB5,,"ZC_BROADCAST | ZC_REQ_EXCHANGE_ITEM"
0x009B,CZ,,FIX,34,0,,34,CZ:WantToConnection
0x009C,ZC,,FIX,9,1,0xC9EF39,,ZC_CHANGE_DIRECTION
0x009D,ZC,,FIX,19,1,0xC9F139,,ZC_ITEM_ENTRY
0x009E,ZC,,FIX,19,1,0xC9FE20,17,
0x009F,CZ,,FIX,20,0,,20,CZ:UseItem
0x00A0,ZC,,FIX,33,1,0xC9F2E3,,ZC_ITEM_PICKUP_ACK
0x00A1,ZC,,FIX,6,1,0xC9F2F4,,ZC_ITEM_DISAPPEAR
0x00A2,CZ,,FIX,14,0,,14,CZ:SolveCharName
0x00A3,ZC,,VAR,4,1,0xC9F317,,
0x00A4,ZC,,VAR,4,1,0xC9FC87,,
0x00A5,ZC,,VAR,4,1,0xCA1EB6,,
0x00A6,ZC,,VAR,4,1,0xCA21C5,,
0x00A7,CZ,,FIX,9,0,,9,CZ:WalkToXY
0x00A8,ZC,,FIX,7,1,0xCA02AB,,
0x00A9,CZ,,FIX,6,0,,,CZ_REQ_WEAR_EQUIP
0x00AA,ZC,,FIX,9,1,0xCA036F,,ZC_REQ_WEAR_EQUIP_ACK
0x00AB,CZ,,FIX,4,0,,4,CZ:UnequipItem
0x00AC,ZC,,FIX,7,1,0xCA04EC,,ZC_REQ_TAKEOFF_EQUIP_ACK
0x00AE,ZC,,VAR,4,1,,-1,
0x00AF,ZC,,FIX,6,1,0xCA057F,,ZC_ITEM_THROW_ACK
0x00B0,ZC,,FIX,8,1,0xCA0289,,ZC_PAR_CHANGE
0x00B1,ZC,,FIX,8,1,0xCA029A,,
0x00B2,CZ,,FIX,3,0,,3,CZ:Restart
0x00B3,ZC,,FIX,3,0,0xCA09EF,,ZC_RESTART_ACK
0x00B4,ZC,,VAR,8,1,0xCA06B6,,"ZC_SAY_DIALOG | ZC_SAY_DIALOG2"
0x00B5,ZC,,FIX,6,1,0xCA076E,,"ZC_WAIT_DIALOG | ZC_WAIT_DIALOG2"
0x00B6,ZC,,FIX,6,1,0xCA0964,,ZC_CLOSE_DIALOG
0x00B7,ZC,,VAR,8,1,0xCA09DE,,ZC_MENU_LIST
0x00B8,CZ,,FIX,7,0,,7,CZ:NpcSelectMenu
0x00B9,CZ,,FIX,6,0,,6,CZ:NpcNextClicked
0x00BA,?,,FIX,2,0,,2,
0x00BB,CZ,,FIX,5,0,,5,CZ:StatusUp
0x00BC,ZC,,FIX,6,1,0xCA0A7A,,ZC_STATUS_CHANGE_ACK
0x00BD,ZC,,FIX,44,1,0xCA0A8B,,ZC_STATUS
0x00BE,ZC,,FIX,5,1,0xCA0A9C,,ZC_STATUS_CHANGE
0x00BF,CZ,,FIX,3,0,,,CZ_REQ_EMOTION
0x00C0,ZC,,FIX,7,1,0xCA0DC2,,ZC_EMOTION
0x00C1,CZ,,FIX,2,0,,2,CZ:HowManyConnections
0x00C2,ZC,,FIX,6,1,0xCA0E1F,,ZC_USER_COUNT
0x00C3,ZC,,FIX,8,1,0xCA0EEA,8,
0x00C4,ZC,,FIX,6,1,0xCA0EFB,,ZC_SELECT_DEALTYPE
0x00C5,CZ,,FIX,7,0,,,CZ_ACK_SELECT_DEALTYPE
0x00C6,ZC,,VAR,4,1,0xCA0F56,-1,ZC_PC_PURCHASE_ITEMLIST
0x00C7,ZC,,VAR,4,1,0xCA10DB,,ZC_PC_SELL_ITEMLIST
0x00C8,CZ,,VAR,4,0,,-1,CZ:NpcBuyListSend
0x00C9,CZ,,VAR,4,0,,,CZ_PC_SELL_ITEMLIST
0x00CA,ZC,,FIX,3,1,0xCA10EC,3,ZC_PC_PURCHASE_RESULT
0x00CB,ZC,,FIX,3,1,0xCA10FD,3,
0x00CC,CZ,,FIX,6,0,,6,CZ:GMKick
0x00CD,ZC,,FIX,3,1,0xC9F020,3,
0x00CE,CZ,,FIX,2,0,,2,CZ:GMKickAll
0x00CF,CZ,,FIX,27,0,,27,CZ:PMIgnore
0x00D0,CZ,,FIX,3,0,,,CZ_SETTING_WHISPER_STATE
0x00D1,ZC,,FIX,4,1,0xCA150E,,ZC_SETTING_WHISPER_PC
0x00D2,ZC,,FIX,4,1,0xCA1530,,ZC_SETTING_WHISPER_STATE
0x00D3,CZ,,FIX,2,0,,2,CZ:PMIgnoreList
0x00D4,ZC,,VAR,4,1,0xCA1623,,ZC_WHISPER_LIST
0x00D5,CZ,,VAR,15,0,,,CZ_CREATE_CHATROOM
0x00D6,ZC,,FIX,3,1,0xCA1701,,ZC_ACK_CREATE_CHATROOM
0x00D7,ZC,,VAR,17,1,0xCA1844,,ZC_ROOM_NEWENTRY
0x00D8,ZC,,FIX,6,1,0xCA1855,,ZC_DESTROY_ROOM
0x00D9,CZ,,FIX,14,0,,,CZ_REQ_ENTER_ROOM
0x00DA,ZC,,FIX,3,1,0xCA1B95,,ZC_REFUSE_ENTER_ROOM
0x00DB,ZC,,VAR,8,1,0xCA18DD,,ZC_ENTER_ROOM
0x00DC,ZC,,FIX,28,1,0xCA18EE,,ZC_MEMBER_NEWENTRY
0x00DD,ZC,,FIX,29,1,0xCA19F4,,ZC_MEMBER_EXIT
0x00DE,CZ,,VAR,15,0,,,CZ_CHANGE_CHATROOM
0x00DF,ZC,,VAR,17,1,0xCA1BA6,,ZC_CHANGE_CHATROOM
0x00E0,CZ,,FIX,30,0,,30,CZ:ChangeChatOwner
0x00E1,ZC,,FIX,30,1,0xCA1B3E,,ZC_ROLE_CHANGE
0x00E2,CZ,,FIX,26,0,,26,CZ:KickFromChat
0x00E3,CZ,,FIX,2,0,,2,CZ:ChatLeave
0x00E4,CZ,,FIX,6,0,,6,CZ:TradeRequest
0x00E5,ZC,,FIX,26,1,0xCA1BB7,26,
0x00E6,CZ,,FIX,3,0,,3,CZ:TradeAck
0x00E7,ZC,,FIX,3,1,0xCA1CE4,,ZC_ACK_EXCHANGE_ITEM
0x00E8,CZ,,FIX,8,0,,,CZ_ADD_EXCHANGE_ITEM
0x00E9,ZC,,FIX,29,1,,,ZC_ADD_EXCHANGE_ITEM
0x00EA,ZC,,FIX,5,1,0xCA1D28,5,ZC_ACK_ADD_EXCHANGE_ITEM
0x00EB,CZ,,FIX,2,0,,2,CZ:TradeOk
0x00EC,ZC,,FIX,3,1,0xCA1D39,,ZC_CONCLUDE_EXCHANGE_ITEM
0x00ED,CZ,,FIX,2,0,,2,CZ:TradeCancel
0x00EE,ZC,,FIX,2,1,0xCA1D9D,,ZC_CANCEL_EXCHANGE_ITEM
0x00EF,CZ,,FIX,2,0,,2,CZ:TradeCommit
0x00F0,ZC,,FIX,3,1,0xCA1E0D,,ZC_EXEC_EXCHANGE_ITEM
0x00F1,ZC,,FIX,2,1,0xCA1E9D,,ZC_EXCHANGEITEM_UNDO
0x00F2,ZC,,FIX,6,1,0xCA2354,,ZC_NOTIFY_STOREITEM_COUNTINFO
0x00F3,CZ,,VAR,4,0,,-1,CZ:GlobalMessage
0x00F4,ZC,,FIX,31,1,,,ZC_ADD_ITEM_TO_STORE
0x00F5,CZ,,FIX,11,0,,11,CZ:TakeItem
0x00F6,ZC,,FIX,8,1,0xCA22CE,,ZC_DELETE_ITEM_FROM_STORE
0x00F7,CZ,,FIX,17,0,,17,CZ:MoveFromKafra
0x00F8,ZC,,FIX,2,1,0xCA2339,,ZC_CLOSE_STORE
0x00F9,CZ,,FIX,26,0,,,CZ_MAKE_GROUP
0x00FA,ZC,,FIX,3,1,0xCA2389,,ZC_ACK_MAKE_GROUP
0x00FB,ZC,,VAR,28,1,0xCA2442,-1,
0x00FC,CZ,,FIX,6,0,,,CZ_REQ_JOIN_GROUP
0x00FD,ZC,,FIX,27,1,0xCA24B5,27,ZC_PARTY_JOIN_REQ_ACK
0x00FE,ZC,,FIX,30,1,0xCA24C6,,ZC_PARTY_JOIN_REQ
0x00FF,CZ,,FIX,10,0,,,CZ_JOIN_GROUP
0x0100,CZ,,FIX,2,0,,,CZ_REQ_LEAVE_GROUP
0x0101,ZC,,FIX,6,1,0xCA4A6F,6,
0x0102,CZ,,FIX,6,0,,6,CZ:PartyChangeOption
0x0103,CZ,,FIX,30,0,,,CZ_REQ_EXPEL_GROUP_MEMBER
0x0104,ZC,,FIX,79,1,0xCA2BFA,79,
0x0105,ZC,,FIX,31,1,0xCA2C0B,,ZC_DELETE_MEMBER_FROM_GROUP
0x0106,ZC,,FIX,10,1,0xCA2C1C,,ZC_NOTIFY_HP_TO_GROUPM
0x0107,ZC,,FIX,10,1,0xCA2DBE,,ZC_NOTIFY_POSITION_TO_GROUPM
0x0108,CZ,,VAR,4,0,,-1,CZ:PartyMessage
0x0109,ZC,,VAR,8,1,0xCA2EBD,-1,ZC_NOTIFY_CHAT_PARTY
0x010A,ZC,,FIX,6,1,0xCA2ECE,,ZC_MVP_GETTING_ITEM
0x010B,ZC,,FIX,6,1,0xCA300A,,ZC_MVP_GETTING_SPECIAL_EXP
0x010C,ZC,,FIX,6,1,0xCA3085,,ZC_MVP
0x010D,ZC,,FIX,2,1,0xCA3101,,ZC_THROW_MVPITEM
0x010E,ZC,,FIX,11,1,0xCA3128,,ZC_SKILLINFO_UPDATE
0x010F,ZC,,VAR,4,1,0xCA3184,,ZC_SKILLINFO_LIST
0x0110,ZC,,FIX,14,1,0xCA3672,,ZC_ACK_TOUSESKILL
0x0111,ZC,,FIX,39,1,0xCA3779,,ZC_ADD_SKILL
0x0112,CZ,,FIX,4,0,,4,CZ:SkillUp
0x0113,CZ,,FIX,25,0,,25,CZ:UseSkillToPos
0x0114,ZC,,FIX,31,1,0xCA37DC,31,ZC_NOTIFY_SKILL
0x0115,ZC,observed,FIX,35,1,0xCA3C2F,35,ZC_NOTIFY_SKILL_POSITION
0x0116,CZ,,FIX,17,0,,17,CZ:DropItem
0x0117,ZC,,FIX,18,1,0xCA37ED,,ZC_NOTIFY_GROUNDSKILL
0x0118,CZ,,FIX,2,0,,2,CZ:StopAttack
0x0119,ZC,,FIX,13,1,0xCA37FE,13,ZC_STATE_CHANGE
0x011A,ZC,,FIX,15,1,0xCA39E6,,ZC_USE_SKILL
0x011B,CZ,,FIX,20,0,,,CZ_SELECT_WARPPOINT
0x011C,ZC,,FIX,68,1,0xCA3C40,,ZC_WARPLIST
0x011D,CZ,,FIX,2,0,,2,CZ:RequestMemo
0x011E,ZC,,FIX,3,1,0xCA3CEB,,ZC_ACK_REMEMBER_WARPPOINT
0x011F,ZC,,FIX,16,1,0xCA3A44,16,
0x0120,ZC,,FIX,6,1,0xCA3A55,,ZC_SKILL_DISAPPEAR
0x0121,ZC,,FIX,14,1,0xCA3E2E,,ZC_NOTIFY_CARTITEM_COUNTINFO
0x0122,ZC,,VAR,4,1,0xCA4193,,
0x0123,ZC,,VAR,4,1,0xCA3EA3,,
0x0124,ZC,,FIX,31,1,0xCA432C,,ZC_ADD_ITEM_TO_CART
0x0125,ZC,,FIX,8,1,0xCA43DF,,ZC_DELETE_ITEM_FROM_CART
0x0126,CZ,,FIX,8,0,,,CZ_MOVE_ITEM_FROM_BODY_TO_CART
0x0127,CZ,,FIX,8,0,,,CZ_MOVE_ITEM_FROM_CART_TO_BODY
0x0128,CZ,,FIX,8,0,,,CZ_MOVE_ITEM_FROM_STORE_TO_CART
0x0129,CZ,,FIX,8,0,,,CZ_MOVE_ITEM_FROM_CART_TO_STORE
0x012A,CZ,,FIX,2,0,,2,CZ:RemoveOption
0x012B,ZC,,FIX,2,1,0xCA429C,,ZC_CARTOFF
0x012C,ZC,,FIX,3,1,0xCA42B7,,ZC_ACK_ADDITEM_TO_CART
0x012D,ZC,,FIX,4,1,0xCA4532,,ZC_OPENSTORE
0x012E,CZ,,FIX,2,0,,2,CZ:CloseVending
0x012F,CZ,,VAR,84,0,,-1,CZ:OpenVending
0x0130,CZ,,FIX,6,0,,6,CZ:VendingListReq
0x0131,ZC,,FIX,86,1,0xCA4767,,ZC_STORE_ENTRY
0x0132,ZC,,FIX,6,1,0xCA47CB,,ZC_DISAPPEAR_ENTRY
0x0133,ZC,,VAR,8,1,0xCA480C,,ZC_PC_PURCHASE_ITEMLIST_FROMMC
0x0134,CZ,,VAR,8,0,,,CZ_PC_PURCHASE_ITEMLIST_FROMMC
0x0135,ZC,,FIX,7,1,0xCA481D,,ZC_PC_PURCHASE_RESULT_FROMMC
0x0136,ZC,,VAR,8,1,0xCA482E,,ZC_PC_PURCHASE_MYITEMLIST
0x0137,ZC,,FIX,6,1,0xCA483F,,ZC_DELETEITEM_FROM_MCSTORE
0x0138,?,,FIX,3,0,,3,
0x0139,ZC,,FIX,16,1,0xCA489F,,ZC_ATTACK_FAILURE_FOR_DISTANCE
0x013A,ZC,,FIX,4,1,0xCA4958,,ZC_ATTACK_RANGE
0x013B,ZC,,FIX,4,1,0xCA4969,,ZC_ACTION_FAILURE
0x013C,ZC,,FIX,4,1,0xCA497A,,ZC_EQUIP_ARROW
0x013D,ZC,,FIX,6,1,0xCA4A12,,ZC_RECOVERY
0x013E,ZC,,FIX,24,1,0xCA4A38,,ZC_USESKILL_ACK
0x013F,CZ,,FIX,26,0,,26,CZ:GM_Item_Monster
0x0140,CZ,,FIX,22,0,,,CZ_MOVETO_MAP
0x0141,ZC,,FIX,14,1,0xCA4B6E,,
0x0142,ZC,,FIX,6,1,0xCA4B7F,,ZC_OPEN_EDITDLG
0x0143,CZ,,FIX,10,0,,,CZ_INPUT_EDITDLG
0x0144,ZC,,FIX,23,1,0xCA4BC5,,ZC_COMPASS
0x0145,ZC,,FIX,19,1,0xCA4CA5,19,
0x0146,CZ,,FIX,6,0,,,CZ_CLOSE_DIALOG
0x0147,ZC,,FIX,39,1,0xCA4D43,39,ZC_AUTORUN_SKILL
0x0148,ZC,,FIX,8,1,0xCA4E0F,,ZC_RESURRECTION
0x0149,CZ,,FIX,9,0,,9,CZ:GMReqNoChat
0x014A,ZC,,FIX,6,1,0xCA56D6,6,
0x014B,ZC,,FIX,27,1,0xCA5768,,ZC_NOTIFY_MANNER_POINT_GIVEN
0x014C,ZC,,VAR,4,1,0xCA51E0,,ZC_MYGUILD_BASIC_INFO
0x014D,CZ,,FIX,2,0,,2,CZ:GuildCheckMaster
0x014E,ZC,,FIX,6,1,0xCA51F1,,ZC_ACK_GUILD_MENUINTERFACE
0x014F,CZ,,FIX,6,0,,6,CZ:GuildRequestInfo
0x0150,ZC,,FIX,110,1,0xCA4F86,110,
0x0151,CZ,,FIX,6,0,,6,"CZ_REQ_GUILD_EMBLEM_IMG1 | CZ:GuildRequestEmblem"
0x0152,ZC,,VAR,12,1,0xCA4F0B,-1,ZC_GUILD_EMBLEM_IMG
0x0153,CZ,,VAR,4,0,,-1,CZ:GuildChangeEmblem
0x0154,ZC,,VAR,4,1,0xCA5200,-1,ZC_MEMBERMGR_INFO
0x0155,CZ,,VAR,4,0,,,CZ_REQ_CHANGE_MEMBERPOS
0x0156,ZC,,VAR,4,1,0xCA5211,,ZC_ACK_REQ_CHANGE_MEMBERS
0x0157,?,,FIX,6,0,,6,
0x0159,CZ,,FIX,54,0,,,CZ_REQ_LEAVE_GUILD
0x015A,ZC,,FIX,66,1,0xCA52A7,,
0x015B,CZ,,FIX,54,0,,,CZ_REQ_BAN_GUILD
0x015C,ZC,,FIX,90,1,,,
0x015D,CZ,,FIX,42,0,,,CZ_REQ_DISORGANIZE_GUILD
0x015E,ZC,,FIX,6,1,0xCA52C9,,ZC_ACK_DISORGANIZE_GUILD_RESULT
0x015F,ZC,,FIX,42,1,0xCA535F,42,
0x0160,ZC,,VAR,4,1,0xCA53D7,,ZC_POSITION_INFO
0x0161,CZ,,VAR,4,0,,-1,CZ:GuildChangePositionInfo
0x0162,ZC,,VAR,6,1,0xCA6D88,,ZC_GUILD_SKILLINFO
0x0163,ZC,,VAR,4,1,0xCA53E8,,ZC_BAN_LIST
0x0164,ZC,,VAR,4,1,0xC9E1DD,-1,
0x0165,CZ,,FIX,30,0,,30,CZ:CreateGuild
0x0166,ZC,,VAR,4,1,0xCA53F9,-1,ZC_POSITION_ID_NAME_INFO
0x0167,ZC,,FIX,3,1,0xCA4F97,,ZC_RESULT_MAKE_GUILD
0x0168,CZ,,FIX,14,0,,,CZ_REQ_JOIN_GUILD
0x0169,ZC,,FIX,3,1,0xCA5049,,ZC_ACK_REQ_JOIN_GUILD
0x016A,ZC,,FIX,30,1,0xCA50F4,,ZC_REQ_JOIN_GUILD
0x016B,CZ,,FIX,10,0,,,CZ_JOIN_GUILD
0x016C,ZC,,FIX,43,1,0xCA540A,43,ZC_UPDATE_GDID
0x016D,ZC,,FIX,14,1,0xCA556A,,ZC_UPDATE_CHARSTAT
0x016E,CZ,,FIX,186,0,,186,CZ:GuildChangeNotice
0x016F,ZC,,FIX,182,1,0xCA57DF,,ZC_GUILD_NOTICE
0x0170,CZ,,FIX,14,0,,14,CZ:GuildRequestAlliance
0x0171,ZC,,FIX,30,1,0xCA5812,,ZC_REQ_ALLY_GUILD
0x0172,CZ,,FIX,10,0,,10,CZ:GuildReplyAlliance
0x0173,ZC,,FIX,3,1,0xCA58AB,,ZC_ACK_REQ_ALLY_GUILD
0x0174,ZC,,VAR,4,1,0xCA58FE,,ZC_ACK_CHANGE_GUILD_POSITIONINFO
0x0175,?,,FIX,6,0,,6,
0x0176,?,,FIX,106,0,,106,
0x0177,ZC,,VAR,4,1,0xCA590F,-1,
0x0178,CZ,,FIX,4,0,,,CZ_REQ_ITEMIDENTIFY
0x0179,ZC,,FIX,5,1,0xCA5A1A,,ZC_ACK_ITEMIDENTIFY
0x017A,CZ,,FIX,4,0,,,CZ_REQ_ITEMCOMPOSITION_LIST
0x017B,ZC,,VAR,4,1,0xCA5AC9,-1,
0x017C,CZ,,FIX,6,0,,,CZ_REQ_ITEMCOMPOSITION
0x017D,ZC,,FIX,7,1,0xCA5BD2,,ZC_ACK_ITEMCOMPOSITION
0x017E,CZ,,VAR,4,0,,-1,CZ:GuildMessage
0x017F,ZC,,VAR,4,1,0xCA57F0,,ZC_GUILD_CHAT
0x0180,CZ,,FIX,6,0,,6,CZ:GuildOpposition
0x0181,ZC,,FIX,3,1,0xCA5BE3,,ZC_ACK_REQ_HOSTILE_GUILD
0x0182,ZC,,FIX,106,1,0xCA5C46,106,
0x0183,CZ,,FIX,10,0,,10,CZ:GuildDelAlliance
0x0184,ZC,,FIX,10,1,0xCA5C57,,ZC_DELETE_RELATED_GUILD
0x0185,ZC,,FIX,34,1,0xCA5C7F,34,
0x0187,ZC,,FIX,6,0,0xC9E1DD,6,PING
0x0188,ZC,,FIX,8,1,0xCA5C90,,ZC_ACK_ITEMREFINING
0x0189,ZC,,FIX,4,1,0xCA5CA1,,ZC_NOTIFY_MAPINFO
0x018A,CZ,,FIX,4,0,,4,CZ:QuitGame
0x018B,ZC,,FIX,4,0,0xCA5DEE,4,
0x018C,ZC,,FIX,29,1,0xCA5E4D,,ZC_MONSTER_INFO
0x018D,ZC,,VAR,4,1,0xCA5EC5,,ZC_MAKABLEITEMLIST
0x018E,CZ,,FIX,18,0,,,CZ_REQMAKINGITEM
0x018F,ZC,,FIX,8,1,0xCA61FC,,ZC_ACK_REQMAKINGITEM
0x0190,CZ,,FIX,23,0,,23,CZ:ActionRequest
0x0191,ZC,,FIX,27,1,0xCA620D,,ZC_TALKBOX_CHATCONTENTS
0x0192,ZC,,FIX,24,1,0xCA6252,,ZC_UPDATE_MAPINFO
0x0193,CZ,,FIX,2,0,,2,CZ:CloseKafra
0x0194,ZC,,FIX,30,1,0xCA62BB,,ZC_ACK_REQNAME_BYGID
0x0195,ZC,,FIX,102,1,0xCA632A,,ZC_ACK_REQNAMEALL
0x0196,ZC,,FIX,9,1,0xCA634C,9,
0x0197,CZ,,FIX,4,0,,,CZ_RESET
0x0198,CZ,,FIX,8,0,,8,CZ:GMChangeMapType
0x0199,ZC,,FIX,4,1,0xCA6390,4,
0x019A,ZC,,FIX,14,1,0xCA647E,14,
0x019B,ZC,,FIX,10,1,0xCA648F,,ZC_NOTIFY_EFFECT
0x019C,CZ,,VAR,4,0,,,CZ_LOCALBROADCAST
0x019D,CZ,,FIX,6,0,,6,CZ:GMHide
0x019E,ZC,,FIX,2,1,0xCA64D3,,ZC_START_CAPTURE
0x019F,CZ,,FIX,6,0,,6,CZ:CatchPet
0x01A0,ZC,,FIX,3,1,0xCA6528,,ZC_TRYCAPTURE_MONSTER
0x01A1,CZ,,FIX,3,0,,3,CZ:PetMenu
0x01A2,ZC,,FIX,37,1,0xCA6657,,ZC_PROPERTY_PET
0x01A3,ZC,,FIX,7,1,0xCA67A3,5,ZC_FEED_PET
0x01A4,ZC,,FIX,11,1,0xCA6646,,ZC_CHANGESTATE_PET
0x01A5,CZ,,FIX,26,0,,26,CZ:ChangePetName
0x01A6,ZC,,VAR,4,1,0xCA6539,-1,
0x01A7,CZ,,FIX,4,0,,4,CZ:SelectEgg
0x01A8,?,,FIX,4,0,,4,
0x01A9,CZ,,FIX,6,0,,6,CZ:SendEmotion
0x01AA,ZC,,FIX,10,1,0xCA67B4,,ZC_PET_ACT
0x01AB,ZC,,FIX,12,1,0xCA67C5,,ZC_PAR_CHANGE_USER
0x01AC,ZC,,FIX,6,1,0xCA6803,6,ZC_SKILL_UPDATE
0x01AD,ZC,,VAR,4,1,0xCA68AB,-1,ZC_MAKINGARROW_LIST
0x01AE,CZ,,FIX,6,0,,,CZ_REQ_MAKINGARROW
0x01AF,CZ,,FIX,4,0,,4,CZ:ChangeCart
0x01B0,ZC,,FIX,11,1,0xCA69D8,11,ZC_NPCSPRITE_CHANGE
0x01B1,ZC,,FIX,7,1,0xCA6A09,7,
0x01B2,CZ,,VAR,85,0,,-1,CZ:OpenVending
0x01B3,ZC,,FIX,67,1,0xCA4CF4,,ZC_SHOW_IMAGE
0x01B4,ZC,,FIX,12,1,0xCA6ADC,,ZC_CHANGE_GUILD
0x01B5,?,,FIX,18,0,,18,
0x01B6,ZC,,FIX,114,1,0xCA6B16,114,ZC_GUILD_INFO
0x01B7,?,,FIX,6,0,,6,
0x01B8,ZC,,FIX,3,1,,3,
0x01B9,ZC,,FIX,6,1,0xCA6B27,,ZC_DISPEL
0x01BA,CZ,,FIX,26,0,,26,CZ:GMShift
0x01BB,CZ,,FIX,26,0,,26,CZ:GMShift
0x01BC,CZ,,FIX,26,0,,26,CZ:GMRecall
0x01BD,CZ,,FIX,26,0,,26,CZ:GMRecall
0x01BE,?,,FIX,2,0,,2,
0x01BF,?,,FIX,3,0,,3,
0x01C0,CZ,,FIX,2,0,,2,CZ_REQ_REMAINTIME
0x01C1,ZC,,FIX,14,1,0xCA6C73,14,
0x01C2,ZC,,FIX,10,1,0xCA6C84,10,
0x01C3,ZC,,VAR,16,1,0xCA6D77,-1,ZC_BROADCAST2
0x01C4,ZC,,FIX,32,1,0xCA6EE9,,ZC_ADD_ITEM_TO_STORE
0x01C5,ZC,,FIX,32,1,0xCA6EFA,,ZC_ADD_ITEM_TO_CART
0x01C6,?,,FIX,4,0,,4,
0x01C7,ZC,,FIX,2,1,0xCA6F2D,2,
0x01C8,ZC,,FIX,15,1,0xCA6F41,,
0x01C9,ZC,,FIX,97,1,0xCA7043,,
0x01CA,?,,FIX,3,0,,3,
0x01CB,?,,FIX,9,0,,9,
0x01CC,ZC,,FIX,9,1,0xC9E1DD,9,
0x01CD,ZC,,FIX,30,1,0xCA71C5,,ZC_AUTOSPELLLIST
0x01CE,CZ,,FIX,6,0,,,CZ_SELECTAUTOSPELL
0x01CF,ZC,,FIX,28,1,0xCA72BD,28,
0x01D0,ZC,,FIX,8,1,0xCA72DF,8,ZC_SPIRITS
0x01D1,ZC,,FIX,14,1,0xCA730A,,ZC_BLADESTOP
0x01D2,ZC,,FIX,10,1,0xCA731B,,ZC_COMBODELAY
0x01D3,ZC,,FIX,35,1,0xCA7377,,ZC_SOUND
0x01D4,ZC,,FIX,6,1,0xCA7388,,ZC_OPEN_EDITDLGSTR
0x01D5,CZ,,VAR,8,0,,,CZ_INPUT_EDITDLGSTR
0x01D6,ZC,,FIX,4,1,0xCA73B0,,ZC_NOTIFY_MAPPROPERTY2
0x01D7,ZC,,FIX,15,1,0xCA74FD,11,
0x01D8,ZC,,FIX,58,1,0xCA750E,54,
0x01D9,ZC,,FIX,57,1,0xCA7541,53,
0x01DA,ZC,,FIX,64,1,0xCA7574,60,
0x01DB,CZ,,FIX,2,0,,2,CA_REQ_HASH
0x01DC,ZC,,VAR,4,0,,-1,AC_ACK_HASH
0x01DD,CZ,,FIX,47,0,,47,CA_LOGIN2
0x01DE,ZC,observed,FIX,33,1,0xCA7596,33,ZC_NOTIFY_SKILL
0x01DF,CZ,,FIX,6,0,,6,CZ:GMReqAccountName
0x01E0,ZC,,FIX,30,1,0xC9E1DD,30,
0x01E1,ZC,,FIX,8,1,0xCA72F9,8,ZC_SPIRITS2
0x01E2,ZC,,FIX,34,1,0xCA2627,34,
0x01E3,?,,FIX,14,0,,14,
0x01E4,ZC,,FIX,2,1,0xCA64E4,2,
0x01E5,?,,FIX,6,0,,6,
0x01E6,ZC,,FIX,26,1,0xCA6506,26,ZC_COUPLENAME
0x01E7,CZ,,FIX,2,0,,2,CZ:NoviceDoriDori
0x01E8,CZ,,FIX,28,0,,,CZ_MAKE_GROUP2
0x01E9,ZC,,FIX,81,1,0xC9E1DD,,
0x01EA,ZC,,FIX,6,1,0xCA6517,,ZC_CONGRATULATION
0x01EB,ZC,,FIX,10,1,0xCA2DE6,,ZC_NOTIFY_POSITION_TO_GUILDM
0x01EC,ZC,,FIX,26,1,0xCA2E1E,26,
0x01ED,CZ,,FIX,2,0,,2,CZ:NoviceExplosionSpirits
0x01EE,ZC,,VAR,4,1,0xC9F40B,,
0x01EF,ZC,,VAR,4,1,0xCA3F95,,
0x01F0,ZC,,VAR,4,1,0xCA1FAC,-1,
0x01F1,?,,VAR,4,0,,-1,
0x01F2,ZC,,FIX,20,1,0xCA5611,,ZC_UPDATE_CHARSTAT
0x01F3,ZC,,FIX,10,1,0xCA64A0,10,
0x01F4,ZC,,FIX,32,1,0xCA1C4E,,ZC_REQ_EXCHANGE_ITEM
0x01F5,ZC,,FIX,9,1,0xCA1CF5,,ZC_ACK_EXCHANGE_ITEM
0x01F6,ZC,,FIX,34,1,0xCA268D,34,
0x01F7,CZ,,FIX,14,0,,,CZ_JOIN_BABY
0x01F8,ZC,,FIX,2,1,0xCA64F5,2,
0x01F9,CZ,,FIX,6,0,,6,CZ:Adopt_request
0x01FA,CZ,,FIX,48,0,,48,CA_LOGIN3
0x01FB,CZ,,FIX,56,0,,56,CH_DELETE_CHAR
0x01FC,ZC,,VAR,4,1,0xCA601F,-1,ZC_REPAIRITEMLIST
0x01FD,CZ,,FIX,25,0,,,"CZ_REQ_ITEMREPAIR | CZ_REQ_ITEMREPAIR1"
0x01FE,ZC,,FIX,5,1,0xCA6195,,ZC_ACK_ITEMREPAIR
0x01FF,ZC,,FIX,10,1,0xCA013F,,ZC_HIGHJUMP
0x0200,CZ,,FIX,26,0,,26,CA_CONNECT_INFO_CHANGED
0x0201,ZC,,VAR,4,1,0xCA75A7,-1,ZC_FRIENDS_LIST
0x0203,CZ,,FIX,10,0,,10,CZ:FriendsListRemove
0x0204,CZ,,FIX,18,0,,18,CA_EXE_HASHCHECK
0x0205,ZC,,FIX,26,1,0xCA778D,,ZC_DIVORCE
0x0206,ZC,,FIX,35,1,0xCA7758,,ZC_FRIENDS_STATE
0x0207,ZC,,FIX,34,1,0xCA75B8,34,
0x0208,CZ,,FIX,14,0,,14,CZ:FriendsListReply
0x0209,ZC,,FIX,36,1,0xCA7720,36,
0x020A,ZC,,FIX,10,1,0xCA7731,10,
0x020D,ZC,,VAR,4,0,,-1,HC_BLOCK_CHARACTER
0x020E,ZC,,FIX,32,1,0xCA2BD8,24,
0x0212,CZ,,FIX,26,0,,26,CZ:GMRc
0x0213,CZ,,FIX,26,0,,26,CZ:Check
0x0214,ZC,,FIX,42,1,0xCA2BE9,42,
0x0215,ZC,,FIX,6,1,0xCA36EB,,ZC_SKILLMSG
0x0216,ZC,,FIX,6,1,0xCA36FC,6,
0x0217,CZ,,FIX,2,0,,,CZ_BLACKSMITH_RANK
0x0218,CZ,,FIX,2,0,,,CZ_ALCHEMIST_RANK
0x0219,ZC,,FIX,282,1,,,ZC_BLACKSMITH_RANK
0x021A,ZC,,FIX,282,1,,,ZC_ALCHEMIST_RANK
0x021B,ZC,,FIX,10,1,,,ZC_BLACKSMITH_POINT
0x021C,ZC,,FIX,10,1,,,ZC_ALCHEMIST_POINT
0x021D,CZ,,FIX,6,0,,,CZ_LESSEFFECT
0x021E,?,,FIX,6,0,,6,
0x021F,ZC,,FIX,66,1,,66,
0x0220,ZC,,FIX,10,1,,10,
0x0221,ZC,,VAR,4,1,0xCA60C8,-1,ZC_NOTIFY_WEAPONITEMLIST
0x0222,CZ,,FIX,6,0,,6,CZ:WeaponRefine
0x0223,ZC,,FIX,10,1,0xCA6184,,ZC_ACK_WEAPONREFINE
0x0224,ZC,,FIX,10,1,,,ZC_TAEKWON_POINT
0x0225,CZ,,FIX,2,0,,,CZ_TAEKWON_RANK
0x0226,ZC,,FIX,282,1,,,ZC_TAEKWON_RANK
0x0227,ZC,,FIX,18,0,0xC9E1DD,18,
0x0228,?,,FIX,18,0,,18,
0x0229,ZC,,FIX,15,1,0xCA38E8,15,ZC_STATE_CHANGE
0x022A,ZC,,FIX,62,1,0xCA751F,58,
0x022B,ZC,,FIX,61,1,0xCA7552,57,
0x022C,ZC,,FIX,69,1,0xCA7585,64,
0x022E,ZC,,FIX,73,1,0xCA781F,69,ZC_PROPERTY_HOMUN
0x022F,ZC,,FIX,7,1,0xCA67A3,5,ZC_FEED_MER
0x0230,ZC,,FIX,12,1,0xCA780E,,ZC_CHANGESTATE_MER
0x0231,CZ,,FIX,26,0,,26,CZ:ChangeHomunculusName
0x0232,CZ,,FIX,9,0,,,CZ_REQUEST_MOVENPC
0x0233,CZ,,FIX,11,0,,11,CZ:HomAttack
0x0234,CZ,,FIX,6,0,,6,CZ:HomMoveToMaster
0x0235,ZC,,VAR,4,1,0xCA3184,,ZC_HOSKILLINFO_LIST
0x0236,ZC,,FIX,10,1,,,ZC_KILLER_POINT
0x0237,CZ,,FIX,2,0,,,CZ_KILLER_RANK
0x0238,ZC,,FIX,282,1,,,ZC_KILLER_RANK
0x0239,ZC,,FIX,11,1,0xCA3128,,ZC_HOSKILLINFO_UPDATE
0x023A,?,,FIX,4,0,,4,
0x023C,?,,FIX,6,0,,6,
0x023D,?,,FIX,6,0,,-1,
0x023E,?,,FIX,8,0,,4,
0x023F,CZ,,FIX,2,0,,2,CZ:Mail_refreshinbox
0x0240,ZC,,VAR,8,1,,8,
0x0241,CZ,,FIX,6,0,,6,CZ:Mail_read
0x0242,ZC,,VAR,109,1,,-1,
0x0243,CZ,,FIX,6,0,,6,CZ:Mail_delete
0x0244,CZ,,FIX,6,0,,6,CZ:Mail_getattach
0x0245,ZC,,FIX,3,1,,7,
0x0246,CZ,,FIX,4,0,,4,CZ:Mail_winopen
0x0247,CZ,,FIX,8,0,,8,CZ:Mail_setattach
0x0248,CZ,,VAR,68,0,,-1,CZ:Mail_send
0x0249,ZC,,FIX,3,1,,3,
0x024A,ZC,,FIX,70,1,,70,
0x024B,CZ,,FIX,4,0,,4,CZ:Auction_cancelreg
0x024C,CZ,,FIX,8,0,,8,CZ:Auction_setitem
0x024D,CZ,,FIX,12,0,,14,CZ_AUCTION_ADD
0x024E,CZ,,FIX,6,0,,6,CZ:Auction_cancel
0x024F,CZ,,FIX,10,0,,,CZ_AUCTION_BUY
0x0250,ZC,,FIX,3,1,,3,
0x0251,CZ,,FIX,34,0,,2,CZ_AUCTION_ITEM_SEARCH
0x0252,ZC,,VAR,12,1,,-1,
0x0253,ZC,,FIX,3,1,0xCA27B1,3,
0x0254,CZ,,FIX,3,0,,3,CZ:FeelSaveOk
0x0255,ZC,,FIX,5,1,,5,
0x0256,ZC,,FIX,5,1,,-1,
0x0257,ZC,,FIX,8,1,,8,
0x0258,?,,FIX,2,0,,2,
0x0259,?,,FIX,3,0,,3,
0x025A,ZC,,VAR,4,1,0xCA6937,,ZC_MAKINGITEM_LIST
0x025B,CZ,,FIX,8,0,,,CZ_REQ_MAKINGITEM
0x025C,CZ,,FIX,4,0,,4,CZ:Auction_buysell
0x025D,CZ,,FIX,6,1,,6,CZ:Auction_close
0x025E,?,,FIX,4,0,,4,
0x025F,ZC,,FIX,6,1,,6,
0x0260,ZC,,FIX,6,1,,6,
0x0261,?,,FIX,11,0,,11,
0x0262,?,,FIX,11,0,,11,
0x0263,?,,FIX,11,0,,11,
0x0264,?,,FIX,20,0,,20,
0x0265,?,,FIX,20,0,,20,
0x0266,?,,FIX,30,0,,30,
0x0267,?,,FIX,4,0,,4,
0x0268,?,,FIX,4,0,,4,
0x0269,?,,FIX,4,0,,4,
0x026A,?,,FIX,4,0,,4,
0x026B,?,,FIX,4,0,,4,
0x026C,?,,FIX,4,0,,4,
0x026D,?,,FIX,4,0,,4,
0x026F,?,,FIX,2,0,,2,
0x0270,?,,FIX,2,0,,2,
0x0271,?,,FIX,40,0,,38,
0x0272,?,,FIX,44,0,,44,
0x0273,CZ,,FIX,30,0,,30,CZ:Mail_return
0x0274,ZC,,FIX,8,1,,8,
0x0275,?,,FIX,37,0,,,
0x0276,?,,VAR,51,0,,,
0x0277,CZ,,FIX,84,0,,84,CA_LOGIN_PCBANG
0x0278,?,,FIX,2,0,,2,
0x0279,?,,FIX,2,0,,2,
0x027A,ZC,,VAR,4,1,0xCA7CB9,-1,
0x027B,ZC,,FIX,14,0,0xCA7D79,14,
0x027C,CZ,,FIX,60,0,,60,CA_LOGIN4
0x027D,?,,FIX,62,0,,62,
0x027E,?,,VAR,6,0,,-1,
0x027F,?,,FIX,8,0,,8,
0x0280,ZC,,FIX,12,1,,12,
0x0282,ZC,,FIX,284,1,,284,
0x0283,ZC,,FIX,6,1,0xC9E1DD,6,
0x0284,ZC,,FIX,14,1,0xCA64B1,14,ZC_NOTIFY_EFFECT3
0x0285,ZC,,FIX,6,1,,6,
0x0286,?,,FIX,4,0,,4,
0x0287,ZC,,VAR,12,1,0xCA7EAA,-1,ZC_PC_CASH_POINT_ITEMLIST
0x0288,CZ,,VAR,10,0,,-1,CZ:npccashshop_buy
0x0289,ZC,,FIX,12,1,0xCA7EBB,8,
0x028A,ZC,,FIX,18,1,0xCA637F,,ZC_NPC_SHOWEFST_UPDATE
0x028B,?,,VAR,4,0,,-1,
0x028C,?,,FIX,46,0,,46,
0x028D,CZ,,FIX,34,0,,34,CH_REQ_IS_VALID_CHARNAME
0x028E,ZC,,FIX,4,0,,4,HC_ACK_IS_VALID_CHARNAME
0x028F,CZ,,FIX,6,0,,6,CH_REQ_CHANGE_CHARNAME
0x0290,ZC,,FIX,4,0,,4,HC_ACK_CHANGE_CHARNAME
0x0291,ZC,,FIX,4,1,0xCA7EDD,,ZC_MSG
0x0292,CZ,,FIX,2,0,,2,CZ:AutoRevive
0x0293,ZC,,FIX,70,1,0xCA7ECC,70,ZC_BOSS_INFO
0x0294,ZC,,FIX,10,1,0xCA7EFF,10,
0x0295,ZC,,VAR,4,1,0xCA7F10,,
0x0296,ZC,,VAR,4,1,0xCA7F21,,
0x0297,ZC,,VAR,4,1,0xCA7F32,,
0x0298,ZC,,FIX,10,1,0xCA7F43,,ZC_CASH_TIME_COUNTER
0x0299,ZC,,FIX,8,1,0xCA7F54,,ZC_CASH_ITEM_DELETE
0x029A,ZC,,FIX,37,1,0xCA7F65,,ZC_ITEM_PICKUP_ACK
0x029B,ZC,,FIX,80,1,0xCA7B5C,72,
0x029C,?,,FIX,66,0,,66,
0x029D,ZC,,VAR,4,1,0xCA3184,-1,
0x029E,ZC,,FIX,11,1,0xCA3128,11,
0x029F,CZ,,FIX,3,0,,3,CZ:mercenary_action
0x02A2,ZC,,FIX,8,1,0xCA7CA8,8,
0x02A5,?,,FIX,8,0,,8,
0x02A6,?,,VAR,10,0,,22,
0x02A7,?,,VAR,10,0,,22,
0x02AA,?,,FIX,4,0,,4,
0x02AB,?,,FIX,36,0,,36,
0x02AC,?,,FIX,6,0,,6,
0x02AD,?,,FIX,8,0,,8,
0x02B0,CZ,,FIX,85,0,,85,CA_LOGIN_CHANNEL
0x02B1,ZC,,VAR,8,1,,-1,
0x02B2,ZC,,VAR,8,1,,-1,
0x02B3,ZC,,FIX,107,1,,107,
0x02B4,ZC,,FIX,6,1,0xCA3437,6,
0x02B5,ZC,,VAR,6,1,,-1,
0x02B6,CZ,,FIX,7,0,,,CZ_ACTIVE_QUEST
0x02B7,ZC,,FIX,7,1,0xCA33FD,7,
0x02B8,ZC,,FIX,32,1,0xCA7FBA,,ZC_ITEM_PICKUP_PARTY
0x02B9,ZC,,FIX,191,1,,191,ZC_SHORTCUT_KEY_LIST
0x02BA,CZ,,FIX,11,0,,11,"CZ_SHORTCUT_KEY_CHANGE1 | CZ:Hotkey"
0x02BB,ZC,,FIX,8,1,0xCA7FCB,,ZC_EQUIPITEM_DAMAGED
0x02BC,?,,FIX,6,0,,6,
0x02C1,ZC,,VAR,12,1,0xCA7FED,-1,
0x02C2,ZC,,VAR,6,1,0xCA7FFE,-1,
0x02C5,ZC,,FIX,30,1,0xCA24B5,30,ZC_PARTY_JOIN_REQ_ACK
0x02C6,ZC,,FIX,30,1,0xCA24C6,,ZC_PARTY_JOIN_REQ
0x02C7,CZ,,FIX,7,0,,,CZ_PARTY_JOIN_REQ_ACK
0x02C8,CZ,,FIX,3,0,,,CZ_PARTY_CONFIG
0x02C9,ZC,,FIX,3,1,0xCA800F,,ZC_PARTY_CONFIG
0x02CA,?,,FIX,3,0,,3,
0x02CB,ZC,,FIX,65,1,0xCA8020,20,
0x02CC,ZC,,FIX,4,1,0xCA8031,4,
0x02CD,ZC,,FIX,71,1,0xCA8042,26,
0x02CE,ZC,,FIX,10,1,0xCA8053,10,
0x02CF,CZ,,FIX,6,0,,6,CZ:MemorialDungeonCommand
0x02D0,ZC,,VAR,4,1,0xCA7F76,,
0x02D1,ZC,,VAR,4,1,0xCA7F87,,
0x02D2,ZC,,VAR,4,1,0xCA7F98,,
0x02D3,ZC,,FIX,4,1,0xCA27E0,,ZC_NOTIFY_BIND_ON_EQUIP
0x02D4,ZC,,FIX,39,1,0xCA7FA9,,ZC_ITEM_PICKUP_ACK
0x02D5,ZC,,FIX,2,1,0xCA8064,2,
0x02D6,CZ,,FIX,6,0,,6,CZ:ViewPlayerEquip
0x02D7,ZC,,VAR,43,1,0xCA8075,,ZC_EQUIPWIN_MICROSCOPE
0x02D8,CZ,,FIX,10,0,,10,CZ:configuration
0x02D9,ZC,,FIX,10,1,0xCA8086,10,
0x02DA,ZC,,FIX,3,1,0xCA812D,,ZC_CONFIG_NOTIFY
0x02DB,CZ,,VAR,4,0,,-1,CZ:BattleChat
0x02DC,ZC,,VAR,32,1,0xCA2AAF,-1,
0x02DD,ZC,,FIX,32,1,0xCA28BD,32,
0x02DE,ZC,,FIX,6,1,0xCA2AC0,6,
0x02DF,ZC,,FIX,36,1,0xCA2ADD,36,
0x02E0,ZC,,FIX,34,1,0xCA2B12,34,ZC_BATTLEFIELD_NOTIFY_HP
0x02E1,ZC,,FIX,33,1,0xC9E6A6,,ZC_NOTIFY_ACT
0x02E2,?,,FIX,20,0,,14,
0x02E3,?,,FIX,22,0,,25,
0x02E4,?,,FIX,11,0,,8,
0x02E5,?,,FIX,9,0,,8,
0x02E6,?,,FIX,6,0,,6,
0x02E7,ZC,,VAR,6,1,,-1,
0x02E8,ZC,,VAR,4,1,0xC9F51C,,
0x02E9,ZC,,VAR,4,1,0xCA409A,,
0x02EA,ZC,,VAR,4,1,0xCA20BC,,
0x02EB,ZC,observed,FIX,13,1,0xC9EB1B,,ZC_ACCEPT_ENTER
0x02EC,ZC,,FIX,71,1,0xCA81E1,67,
0x02ED,ZC,,FIX,63,1,0xCA7563,59,
0x02EE,ZC,,FIX,64,1,0xCA7530,60,
0x02EF,ZC,,FIX,8,1,0xCA2938,8,
0x02F0,ZC,,FIX,10,1,0xCA29CE,10,
0x02F1,CZ,,FIX,2,0,,2,CZ:progressbar
0x02F2,ZC,,FIX,2,1,0xCA2A5F,2,
0x02F3,?,,VAR,68,0,,-1,
0x02F4,?,,FIX,3,0,,-1,
0x02F5,?,,FIX,7,0,,-1,
0x02F6,?,,FIX,7,0,,-1,
0x02F7,ZC,,FIX,47,1,0xCA54B5,-1,ZC_UPDATE_GDID
0x035C,?,,FIX,2,0,,2,
0x035D,?,,VAR,20,0,,-1,
0x035E,?,,FIX,2,0,,2,
0x03DD,?,,FIX,18,0,,,
0x03DE,?,,FIX,18,0,,,
0x0439,CZ,,FIX,8,0,,8,CZ:UseItem
0x043D,ZC,,FIX,8,1,0xCA297B,,ZC_SKILL_POSTDELAY
0x043E,ZC,,VAR,4,1,0xCA29AC,-1,
0x043F,ZC,,FIX,25,1,0xCA635D,8,
0x0440,ZC,,FIX,10,1,0xCA72CE,,ZC_MILLENNIUMSHIELD
0x0441,ZC,,FIX,4,1,0xCA8175,,ZC_SKILLINFO_DELETE
0x0442,ZC,,VAR,8,1,0xCA7231,,ZC_SKILL_SELECT_REQUEST
0x0443,CZ,,FIX,8,0,,,CZ_SKILL_SELECT_RESPONSE
0x0444,ZC,,VAR,12,1,,-1,
0x0445,?,,FIX,12,0,,10,
0x0446,ZC,,FIX,14,1,0xCA818C,14,
0x0447,CZ,,FIX,2,0,,2,CZ:blocking_playcancel
0x0448,?,,VAR,4,0,,-1,
0x0449,?,,FIX,4,0,,4,
0x044A,CZ,,FIX,6,0,,6,"CZ_CLIENT_VERSION | CZ:client_version"
0x044B,?,,FIX,2,0,,,
0x07D7,CZ,,FIX,8,0,,8,CZ:PartyChangeOption
0x07D8,ZC,,FIX,8,1,0xCA819D,8,
0x07D9,ZC,,FIX,268,1,,254,ZC_SHORTCUT_KEY_LIST
0x07DA,CZ,,FIX,6,0,,6,CZ:PartyChangeLeader
0x07DB,ZC,,FIX,8,1,0xCA7A1A,,ZC_HO_PAR_CHANGE
0x07DC,?,,FIX,6,0,,,
0x07DD,ZC,,FIX,54,1,0xC9E734,,
0x07DE,?,,FIX,30,0,,,
0x07DF,?,,FIX,54,0,,,
0x07E0,?,,FIX,58,0,,,
0x07E1,ZC,,FIX,15,1,0xCA3139,,ZC_SKILLINFO_UPDATE2
0x07E2,ZC,,FIX,8,1,0xCA81AE,8,ZC_MSG_VALUE
0x07E3,ZC,,FIX,6,1,0xCA81BF,6,
0x07E5,?,,FIX,4,0,,8,
0x07E6,ZC,,FIX,8,1,0xCA3683,,ZC_MSG_SKILL
0x07E7,?,,FIX,32,0,,5,
0x07E8,?,,VAR,4,0,,-1,
0x07E9,?,,FIX,5,0,,5,
0x07EA,?,,FIX,2,0,,,
0x07EB,ZC,,VAR,8,1,,,
0x07ED,ZC,,FIX,10,1,,,
0x07EE,?,,FIX,6,0,,,
0x07EF,ZC,,FIX,8,1,,,
0x07F0,?,,FIX,6,0,,,
0x07F1,ZC,,FIX,18,1,,,
0x07F2,ZC,,FIX,8,1,,,
0x07F3,ZC,,FIX,6,1,,,
0x07F4,?,,FIX,3,0,,,
0x07F5,CZ,,FIX,6,0,,6,CZ:GMFullStrip
0x07F6,ZC,,FIX,14,1,0xCA81D0,14,
0x07F7,ZC,,VAR,73,1,0xCA81E1,-1,
0x07F8,ZC,,VAR,66,1,0xCA81F2,-1,
0x07F9,ZC,,VAR,67,1,0xCA8203,-1,
0x07FA,ZC,,FIX,8,1,0xCA8214,,ZC_DELETE_ITEM_FROM_BODY
0x07FB,ZC,,FIX,25,1,0xCA4A4B,,ZC_USESKILL_ACK
0x07FC,ZC,,FIX,10,1,0xCA8225,10,
0x07FD,ZC,,VAR,9,1,0xCA8236,,ZC_BROADCASTING_SPECIAL_ITEM_OBTAIN_item
0x07FE,ZC,,FIX,26,1,0xCA8249,,ZC_PLAY_NPC_BGM
0x0800,ZC,,VAR,12,1,0xCA480C,,ZC_PC_PURCHASE_ITEMLIST_FROMMC
0x0801,CZ,,VAR,12,0,,,CZ_PC_PURCHASE_ITEMLIST_FROMMC2
0x0803,ZC,,FIX,4,1,0xCA8324,4,
0x0804,CZ,,FIX,14,0,,14,CZ:PartyBookingSearchReq
0x0805,ZC,,VAR,5,1,0xCA8346,-1,
0x0806,CZ,,FIX,2,0,,2,CZ:PartyBookingDeleteReq
0x0807,ZC,,FIX,4,1,0xCA8357,4,
0x0808,CZ,,FIX,14,0,,14,CZ:PartyBookingUpdateReq
0x0809,ZC,,FIX,50,1,0xCA8335,50,
0x080A,ZC,,FIX,18,1,0xCA8379,18,
0x080B,ZC,,FIX,6,1,0xCA8368,6,
0x080C,?,,FIX,2,0,,,
0x080D,ZC,,FIX,3,1,,,
0x080E,ZC,,FIX,14,1,0xCA2CD1,,ZC_NOTIFY_HP_TO_GROUPM
0x080F,ZC,,FIX,30,1,0xCA1D06,,ZC_ADD_EXCHANGE_ITEM
0x0810,ZC,,FIX,3,1,0xCA83BD,3,
0x0812,ZC,,FIX,8,1,0xCA83CE,8,
0x0813,ZC,,VAR,12,1,0xCA83DF,,ZC_MYITEMLIST_BUYING_STORE
0x0814,ZC,,FIX,86,1,0xCA83F0,,ZC_BUYING_STORE_ENTRY
0x0816,ZC,,FIX,6,1,0xCA8401,,ZC_DISAPPEAR_BUYING_STORE_ENTRY
0x0818,ZC,,VAR,16,1,0xCA8412,,ZC_ACK_ITEMLIST_BUYING_STORE
0x081A,ZC,,FIX,4,1,0xCA8423,4,
0x081B,ZC,,FIX,12,1,0xCA8445,10,
0x081C,ZC,,FIX,10,1,0xCA8467,10,
0x081D,ZC,,FIX,22,1,0xCA838A,22,
0x081E,ZC,,FIX,8,1,0xCA839B,,ZC_EL_PAR_CHANGE
0x081F,ZC,,VAR,9,1,0xCA83AC,,
0x0820,?,,FIX,11,0,,11,
0x0821,?,,FIX,2,0,,,
0x0822,?,,FIX,9,0,,,
0x0823,?,,VAR,4,0,,,
0x0824,ZC,,FIX,8,1,0xCA8434,,ZC_FAILED_TRADE_BUYING_STORE_TO_SELLER
0x0825,CZ,,VAR,92,0,,,CA_SSO_LOGIN_REQ
0x0827,CZ,,FIX,6,0,,,CH_DELETE_CHAR3_RESERVED
0x0828,ZC,,FIX,14,0,,,HC_DELETE_CHAR3_RESERVED
0x0829,CZ,,FIX,12,0,,,CH_DELETE_CHAR3
0x082A,ZC,,FIX,10,0,,,HC_DELETE_CHAR3
0x082B,CZ,,FIX,6,0,,,CH_DELETE_CHAR3_CANCEL
0x082C,ZC,,FIX,10,0,,,HC_DELETE_CHAR3_CANCEL
0x082D,ZC,,VAR,29,0,,,HC_ACCEPT_ENTER2
0x0836,ZC,,VAR,7,0,0xCA8478,,ZC_SEARCH_STORE_INFO_ACK
0x0837,ZC,,FIX,3,0,0xCA8489,,ZC_SEARCH_STORE_INFO_FAILED
0x0839,ZC,,FIX,66,1,0xCA52B8,,
0x083A,ZC,,FIX,5,0,0xCA849A,,ZC_OPEN_SEARCH_STORE_INFO
0x083B,CZ,,FIX,2,0,,2,CZ:CloseSearchStoreInfo
0x083D,ZC,,FIX,6,0,0xCA84AB,,ZC_SSILIST_ITEM_CLICK_ACK
0x083E,ZC,,FIX,26,0,,,AC_REFUSE_LOGIN
0x0840,ZC,,VAR,4,0,,,HC_NOTIFY_ACCESSIBLE_MAPNAME
0x0841,CZ,,FIX,4,0,,,CH_SELECT_ACCESSIBLE_MAPNAME
0x0842,CZ,,FIX,6,0,,6,CZ:GMRecall2
0x0843,CZ,,FIX,6,0,,6,CZ:GMRemove2
0x0844,CZ,,FIX,2,0,,2,"CZ_SE_CASHSHOP_OPEN1 | CZ:cashshop_open_request"
0x0845,ZC,,FIX,10,0,0xCA444A,,ZC_SE_CASHSHOP_OPEN
0x0846,CZ,,FIX,4,0,,,CZ_REQ_SE_CASH_TAB_CODE
0x0847,?,,VAR,6,0,,,
0x0848,CZ,,VAR,10,0,,,CZ_SE_PC_BUY_CASHITEM_LIST
0x0849,ZC,,FIX,16,0,0xCA4521,16,ZC_SE_PC_BUY_CASHITEM_RESULT
0x084A,CZ,,FIX,2,0,,2,CZ:cashshop_close
0x084B,ZC,,FIX,21,1,0xC9FF82,19,
0x084C,?,,FIX,10,0,,,
0x084D,?,,FIX,10,0,,,
0x084E,?,,FIX,5,0,,,
0x084F,?,,FIX,6,0,,,
0x0850,?,,FIX,7,0,,,
0x0851,ZC,,VAR,4,0,0xC9E1DD,,
0x0852,?,,FIX,2,0,,,
0x0853,ZC,,VAR,4,0,0xC9E1DD,,
0x0854,?,,VAR,4,0,,,
0x0855,ZC,,FIX,6,0,0xC9E1DD,,
0x0856,ZC,,VAR,75,1,0xCA81E1,-1,
0x0857,ZC,,VAR,69,1,0xCA8203,-1,
0x0858,ZC,,VAR,68,1,0xCA81F2,-1,
0x0859,ZC,,VAR,45,1,0xCA8075,,ZC_EQUIPWIN_MICROSCOPE
0x085A,CZ,,-,,,0xC9E3B5,90,CZ:UseSkillToPosMoreInfo
0x085B,ZC,,-,,,0xC9E3DB,,
0x085C,ZC,,-,,,0xC9E401,,
0x085D,CZ,,-,,,0xC9E427,18,CZ:PartyBookingRegisterReq
0x085E,ZC,,-,,,0xC9E44D,,
0x085F,ZC,,-,,,0xCA82A2,,
0x0860,ZC,,-,,,0xCA82B4,,
0x0861,CZ,,-,,,0xCA82DA,8,CZ:MoveFromKafra
0x0862,CZ,,-,,,0xCA82EC,10,CZ:UseSkillToId
0x0863,CZ,,-,,,0xCA8312,10,CZ:UseSkillToPos
0x0864,ZC,,-,,,0xC9F07B,,
0x0865,CZ,,-,,,0xC9F0A1,6,CZ:TakeItem
0x0866,ZC,,-,,,0xC9F0C7,,
0x0867,ZC,,-,,,0xC9F0ED,,
0x0868,CZ,,-,,,0xC9F113,-1,CZ:ItemListWindowSelected
0x0869,ZC,,-,,,0xCA7662,,
0x086A,CZ,,-,,,0xCA7688,19,CZ:WantToConnection
0x086B,ZC,,-,,,0xCA76AE,,
0x086C,CZ,,-,,,0xCA76D4,8,CZ:MoveToKafra
0x086D,CZ,,-,,,0xCA76FA,26,CZ:PartyInvite2
0x086E,ZC,,-,,,0xCA26F3,,
0x086F,CZ,,-,,,0xCA2719,26,CZ:FriendsListAdd
0x0870,CZ,,-,,,0xCA273F,-1,CZ:ItemListWindowSelected
0x0871,CZ,,-,,,0xCA2765,5,CZ:ChangeDir
0x0872,ZC,,-,,,0xCA278B,,
0x0873,ZC,,-,,,0xCA5F61,,
0x0874,CZ,,-,,,0xCA5F87,8,CZ:MoveFromKafra
0x0875,ZC,,-,,,0xCA5FAD,,
0x0876,ZC,,-,,,0xCA5FD3,,
0x0877,ZC,,-,,,0xCA5FF9,,
0x0878,ZC,,-,,,0xCA8097,,
0x0879,CZ,,-,,,0xCA80A9,41,CZ:PartyBookingRegisterReq
0x087A,ZC,,-,,,0xCA80CF,,
0x087B,ZC,,-,,,0xCA80F5,,
0x087C,ZC,,-,,,0xCA8107,,
0x087D,ZC,,-,,,0xCA08A6,,
0x087E,ZC,,-,,,0xCA08CC,,
0x087F,ZC,,-,,,0xCA08F2,,
0x0880,ZC,,-,,,0xCA0918,,
0x0881,CZ,,-,,,0xCA093E,5,CZ:WalkToXY
0x0882,ZC,,-,,,0xCA8536,,
0x0883,ZC,,-,,,0xCA8548,,
0x08AE,ZC,,-,,,0xCA84D9,,
0x08AF,?,,FIX,10,0,,,
0x08B0,?,,FIX,17,0,,,
0x08B1,ZC,,VAR,4,0,0xCA856E,,
0x08B2,?,,VAR,6,0,,,
0x08B3,ZC,,VAR,8,0,0xCA857F,-1,
0x08B4,ZC,,FIX,2,0,0xCA85B6,,
0x08B5,?,,FIX,6,0,,,
0x08B6,ZC,,FIX,3,0,0xCA85C7,,
0x08B8,CZ,,FIX,10,0,,,CH_SECOND_PASSWD_ACK
0x08B9,ZC,,FIX,12,0,,,HC_SECOND_PASSWD_LOGIN
0x08BA,CZ,,FIX,10,0,,,CH_MAKE_SECOND_PASSWD
0x08BB,?,,FIX,8,0,,,
0x08BC,?,,FIX,10,0,,,
0x08BD,?,,FIX,8,0,,,
0x08BE,CZ,,FIX,14,0,,,CH_EDIT_SECOND_PASSWD
0x08BF,?,,FIX,8,0,,,
0x08C0,ZC,,VAR,10,0,,,ZC_ACK_SE_CASH_ITEM_LIST2
0x08C1,?,,FIX,2,0,,,
0x08C2,?,,FIX,2,0,,,
0x08C3,?,,FIX,10,0,,,
0x08C4,?,,FIX,8,0,,,
0x08C5,CZ,,FIX,6,0,,,CH_AVAILABLE_SECOND_PASSWD
0x08C6,?,,FIX,4,0,,,
0x08C7,ZC,,VAR,19,1,0xCA7054,20,
0x08C8,ZC,observed,FIX,34,1,0xC9E6C6,,ZC_NOTIFY_ACT
0x08C9,CZ,,FIX,2,0,,2,CZ:cashshop_list_request
0x08CA,ZC,,VAR,8,0,0xCA4510,,ZC_ACK_SCHEDULER_CASHITEM
0x08CB,ZC,,VAR,10,0,0xCA85D8,,ZC_PERSONAL_INFOMATION
0x08CC,?,,FIX,109,0,,,
0x08CD,ZC,,FIX,10,1,0xCA013B,,
0x08CE,ZC,,FIX,2,0,0xCA85E9,,
0x08CF,ZC,,FIX,10,0,0xCA8643,,ZC_SPIRITS_ATTRIBUTE
0x08D0,ZC,,FIX,9,1,0xCA043F,,
0x08D1,ZC,,FIX,7,1,0xCA054F,,ZC_REQ_TAKEOFF_EQUIP_ACK
0x08D2,ZC,,FIX,10,1,0xCA8632,10,
0x08D3,ZC,,FIX,10,0,0xCA44D4,,
0x08D4,CZ,,FIX,8,0,,,CH_REQ_CHANGE_CHARACTER_SLOT
0x08D5,ZC,,VAR,8,0,,,HC_ACK_CHANGE_CHARACTER_SLOT
0x08D6,ZC,,FIX,6,0,0xCA8654,,ZC_CLEAR_DIALOG
0x08D7,CZ,,FIX,28,1,,28,CZ:bg_queue_apply_request
0x08D8,ZC,,FIX,27,1,0xCA8665,27,
0x08D9,ZC,,FIX,30,1,0xCA867A,30,
0x08DA,CZ,,FIX,26,1,,26,CZ:bg_queue_cancel_request
0x08DB,ZC,,FIX,27,1,0xCA868F,27,
0x08DC,ZC,,FIX,26,1,0xCA86A4,26,
0x08DD,CZ,,FIX,27,1,,27,CZ:dull
0x08DE,ZC,,FIX,27,1,0xCA86B9,27,
0x08DF,ZC,,FIX,50,1,0xCA86CE,50,
0x08E0,CZ,,FIX,51,1,,51,CZ:bg_queue_lobby_reply
0x08E1,ZC,,FIX,51,1,0xCA86E3,51,
0x08E2,ZC,,FIX,27,0,0xCA870D,,
0x08E3,?,,FIX,157,0,,149,
0x08E4,?,,FIX,6,0,,,
0x08FC,CZ,,FIX,30,0,,,CH_REQ_CHANGE_CHARNAME
0x08FD,ZC,,FIX,6,0,,,HC_ACK_CHANGE_CHARNAME
0x08FE,ZC,,VAR,4,1,0xCA3545,-1,
0x08FF,ZC,,FIX,24,1,0xCA636E,,ZC_EFST_SET_ENTER
0x0900,ZC,,VAR,4,1,0xC9F625,,
0x0901,ZC,,VAR,4,1,0xC9F748,,
0x0902,ZC,,VAR,4,1,0xC9F759,,
0x0903,ZC,,VAR,4,1,0xC9F89C,,
0x0904,ZC,,VAR,4,1,0xC9F9E2,,
0x0905,ZC,,VAR,4,1,0xC9FB08,,
0x0906,ZC,,VAR,45,1,0xC9FC76,,ZC_EQUIPWIN_MICROSCOPE
0x0907,CZ,,FIX,5,0,,,CZ_INVENTORY_TAB
0x0908,ZC,,FIX,5,1,0xCA872F,,ZC_INVENTORY_TAB
0x090A,CZ,,FIX,26,1,,26,CZ:bg_queue_request_queue_number
0x090D,ZC,,VAR,10,1,0xC9E1DD,,
0x090E,ZC,,FIX,2,0,0xCA86F8,,ZC_ENTRY_QUEUE_INIT
0x090F,ZC,,VAR,77,1,0xCA8A79,-1,
0x0910,ZC,,FIX,10,1,,,
0x0911,ZC,,FIX,30,1,,,
0x0912,ZC,,FIX,10,1,,,
0x0913,ZC,,FIX,30,1,,,
0x0914,ZC,,VAR,84,1,0xCA8A68,-1,
0x0915,ZC,,VAR,78,1,0xCA8A8A,-1,
0x0916,CZ,,FIX,26,1,,,CZ_REQ_JOIN_GUILD2
0x0917,ZC,,-,,,0xCA8740,,
0x0918,ZC,,-,,,0xC9E473,,
0x0919,ZC,,-,,,0xC9E4AA,,
0x091A,ZC,,-,,,0xC9E514,,
0x091B,ZC,,-,,,0xCA8752,,
0x091C,CZ,,-,,,0xCA8764,26,CZ:PartyInvite2
0x091D,CZ,,-,,,0xCA8776,41,CZ:PartyBookingRegisterReq
0x091E,ZC,,-,,,0xC9E6FD,,
0x091F,ZC,,-,,,0xC9F2BD,,
0x0920,ZC,,-,,,0xCA879C,,
0x0921,ZC,,-,,,0xCA87C2,,
0x0922,CZ,,-,,,0xCA87D4,-1,CZ:ReqTradeBuyingStore
0x0923,ZC,,-,,,0xCA87FA,,
0x0924,ZC,,-,,,0xC9E928,,
0x0925,ZC,,-,,,0xCA8820,,
0x0926,CZ,,-,,,0xCA84EA,41,CZ:PartyBookingRegisterReq
0x0927,ZC,,-,,,0xCA8510,,
0x0928,ZC,,-,,,0xC9EEF9,,
0x0929,CZ,,-,,,0xCA8832,26,CZ:PartyInvite2
0x092A,ZC,,-,,,0xCA8858,,
0x092B,ZC,,-,,,0xCA887E,,
0x092C,ZC,,-,,,0xCA85FA,,
0x092D,ZC,,-,,,0xCA8620,,
0x092E,CZ,,-,,,0xCA0115,2,CZ:SearchStoreInfoNextPage
0x092F,ZC,,-,,,0xCA8926,,
0x0930,ZC,,-,,,0xCA8890,,
0x0931,ZC,,-,,,0xCA88B6,,
0x0932,ZC,,-,,,0xCA88C8,,
0x0933,CZ,,-,,,0xCA89CE,6,CZ:TakeItem
0x0934,ZC,,-,,,0xCA88EE,,
0x0935,ZC,,-,,,0xC9EFFA,,
0x0936,ZC,,-,,,0xC9F297,,
0x0937,ZC,,-,,,0xCA8900,,
0x0938,CZ,,-,,,0xCA8938,-1,CZ:ReqOpenBuyingStore
0x0939,ZC,,-,,,0xCA8590,,
0x093A,ZC,,-,,,0xCA895E,,
0x093B,CZ,,-,,,0xCA8970,8,CZ:MoveToKafra
0x093C,ZC,,-,,,0xC9F876,,
0x093D,ZC,,-,,,0xCA814F,,
0x093E,ZC,,-,,,0xCA8982,,
0x093F,CZ,,-,,,0xCA89A8,5,CZ:HomMenu
0x0940,ZC,,-,,,0xC9E94E,,
0x096B,ZC,,FIX,4,1,0xCA871E,,
0x096C,ZC,,FIX,6,1,,,
0x096D,ZC,,VAR,4,1,0xCA89E0,,ZC_MERGE_ITEM_OPEN
0x096E,CZ,,VAR,4,1,,,CZ_REQ_MERGE_ITEM
0x096F,ZC,,FIX,7,1,0xCA89F1,,ZC_ACK_MERGE_ITEM
0x0970,CZ,,FIX,31,0,,,CH_MAKE_CHAR
0x0971,ZC,,FIX,6,1,,,
0x0972,ZC,,VAR,9,1,0xCA07AC,,ZC_SAY_DIALOG2
0x0973,ZC,,FIX,7,1,0xCA0865,,ZC_WAIT_DIALOG2
0x0974,CZ,,FIX,2,1,,2,CZ:merge_item_cancel
0x0975,ZC,,VAR,28,1,0xC9FC54,,
0x0976,ZC,,VAR,28,1,0xC9FC65,,
0x0977,ZC,,FIX,14,1,0xCA8A9B,14,
0x0978,CZ,,FIX,6,0,,6,CZ:reqworldinfo
0x0979,?,,FIX,50,0,,50,
0x097A,ZC,,VAR,8,1,,-1,
0x097B,ZC,,VAR,16,0,0xCA85D8,,ZC_PERSONAL_INFOMATION
0x097C,CZ,,FIX,4,0,,,CZ_REQ_RANKING
0x097D,ZC,,FIX,288,1,0xCA0EB7,,ZC_ACK_RANKING
0x097E,ZC,,FIX,12,1,0xCA0EC8,,ZC_UPDATE_RANKING_POINT
0x097F,ZC,,VAR,8,1,0xCA8ABD,-1,
0x0980,CZ,,FIX,7,1,,7,CZ:SelectCart
0x0981,?,,VAR,12,0,,,
0x0982,?,,FIX,7,0,,,
0x0983,ZC,,FIX,29,1,0xCA8ACE,29,
0x0984,ZC,,FIX,28,1,0xCA8ADF,,ZC_EFST_SET_ENTER
0x0985,ZC,,VAR,4,1,0xCA29BD,,
0x0986,?,,FIX,10,0,,,
0x0987,?,,VAR,41,0,,,
0x0988,ZC,,FIX,6,0,0xCA8AF0,,ZC_NOTIFY_CLAN_CONNECTINFO
0x0989,ZC,,FIX,2,0,0xCA8B01,,ZC_ACK_CLAN_LEAVE
0x098A,ZC,,VAR,74,0,0xCA8B12,,ZC_CLANINFO
0x098B,?,,FIX,2,0,,,
0x098C,?,,FIX,4,0,,,
0x098D,CZ,,VAR,4,0,,-1,CZ:clan_chat
0x098E,ZC,,VAR,28,0,0xCA8B23,,ZC_NOTIFY_CLAN_CHAT
0x098F,?,,VAR,8,0,,,
0x0990,ZC,,FIX,41,1,0xCA8B45,,ZC_ITEM_PICKUP_ACK
0x0991,ZC,,VAR,4,1,0xCA8BD4,,
0x0992,ZC,,VAR,4,1,0xCA8BE5,,
0x0993,ZC,,VAR,4,1,0xCA8C07,,
0x0994,ZC,,VAR,4,1,0xCA8C18,,
0x0995,ZC,,VAR,28,1,0xCA8C29,,
0x0996,ZC,,VAR,28,1,0xCA8C3A,,
0x0997,ZC,,VAR,45,1,0xCA8B34,,ZC_EQUIPWIN_MICROSCOPE
0x0998,CZ,,FIX,8,1,,,CZ_REQ_WEAR_EQUIP
0x0999,ZC,,FIX,11,1,0xCA8C7E,,ZC_REQ_WEAR_EQUIP_ACK
0x099A,ZC,,FIX,9,1,0xCA8CA8,,ZC_REQ_TAKEOFF_EQUIP_ACK
0x099B,ZC,,FIX,8,1,0xCA813E,8,
0x099C,?,,FIX,6,0,,,
0x099D,ZC,,VAR,4,0,,,HC_ACK_CHARINFO_PER_PAGE
0x099E,?,,FIX,12,0,,,
0x099F,ZC,,VAR,22,1,0xCA7065,22,
0x09A0,ZC,,FIX,6,0,,,HC_CHARLIST_NOTIFY
0x09A1,CZ,,FIX,2,0,,,CH_CHARLIST_REQ
0x09A2,?,,FIX,6,0,,,
0x09A3,?,,VAR,8,0,,,
0x09A4,?,,FIX,18,0,,,
0x09A5,?,,FIX,7,0,,,
0x09A6,ZC,,FIX,12,0,0xCA8D33,,ZC_BANKING_CHECK
0x09A7,CZ,,FIX,10,0,,,CZ_REQ_BANKING_DEPOSIT
0x09A8,ZC,,FIX,16,0,0xCA8D44,,ZC_ACK_BANKING_DEPOSIT
0x09A9,CZ,,FIX,10,0,,,CZ_REQ_BANKING_WITHDRAW
0x09AA,ZC,,FIX,16,0,0xCA8D55,,ZC_ACK_BANKING_WITHDRAW
0x09AB,CZ,,FIX,6,0,,,CZ_REQ_BANKING_CHECK
0x09AC,CZ,,VAR,8,0,,,CZ_REQ_CASH_BARGAIN_SALE_ITEM_INFO
0x09AD,ZC,,FIX,12,0,,,ZC_ACK_CASH_BARGAIN_SALE_ITEM_INFO
0x09AE,CZ,,FIX,19,0,,,CZ_REQ_APPLY_BARGAIN_SALE_ITEM
0x09AF,?,,FIX,4,0,,4,
0x09B0,CZ,,FIX,10,0,,,CZ_REQ_REMOVE_BARGAIN_SALE_ITEM
0x09B1,?,,FIX,4,0,,4,
0x09B2,ZC,,FIX,10,0,,,ZC_NOTIFY_BARGAIN_SALE_SELLING
0x09B3,ZC,,FIX,6,0,,,ZC_NOTIFY_BARGAIN_SALE_CLOSE
0x09B4,CZ,,FIX,6,0,,6,CZ:sale_open
0x09B5,?,,FIX,2,0,,,
0x09B6,CZ,,FIX,6,0,,,CZ_REQ_OPEN_BANKING
0x09B7,ZC,,FIX,4,0,0xC9E1DD,,ZC_ACK_OPEN_BANKING
0x09B8,CZ,,FIX,6,0,,,CZ_REQ_CLOSE_BANKING
0x09B9,ZC,,FIX,4,0,0xC9E1DD,,ZC_ACK_CLOSE_BANKING
0x09BA,?,,FIX,2,0,,,
0x09BB,ZC,,FIX,6,0,0xCA8D77,,
0x09BC,CZ,,FIX,6,0,,6,CZ:sale_close
0x09BD,?,,FIX,2,0,,,
0x09BE,?,,FIX,2,0,,,
0x09BF,ZC,,FIX,4,0,0xCA8DAA,,
0x09C1,ZC,,FIX,10,0,0xCA8D66,,ZC_C_MARKERINFO
0x09C2,?,,VAR,4,0,,,
0x09C3,CZ,,FIX,10,0,,8,CZ:sale_refresh
0x09C4,ZC,,FIX,10,0,,,ZC_ACK_COUNT_BARGAIN_SALE_ITEM
0x09C5,?,,FIX,1042,0,,,
0x09C6,?,,VAR,16,0,,,
0x09C7,?,,FIX,18,0,,,
0x09C8,?,,VAR,13,0,,,
0x09C9,?,,VAR,4,0,,,
0x09CA,ZC,,VAR,23,1,0xCA7076,23,
0x09CB,ZC,,FIX,17,1,0xCA3A16,,ZC_USE_SKILL
0x09CC,ZC,,VAR,4,0,0xC9E1DD,,
0x09CD,ZC,,FIX,8,1,0xCA7EEE,,ZC_MSG_COLOR
0x09CE,CZ,,FIX,102,1,,102,CZ:GM_Item_Monster
0x09CF,ZC,,VAR,4,0,0xCA77EE,,
0x09D0,?,,VAR,4,0,,,
0x09D1,ZC,,FIX,14,1,0xCA2A15,14,
0x09D2,ZC,,VAR,28,0,0xCA8D88,,
0x09D3,ZC,,VAR,28,0,0xCA8D99,,
0x09D4,CZ,,FIX,2,0,,2,CZ:NPCShopClosed
0x09D5,ZC,,VAR,4,1,0xCA1174,,ZC_NPC_MARKET_OPEN
0x09D6,CZ,,VAR,4,1,,,CZ_NPC_MARKET_PURCHASE
0x09D7,ZC,,VAR,5,1,,-1,ZC_NPC_MARKET_PURCHASE_RESULT
0x09D8,CZ,,FIX,2,1,,2,CZ:NPCMarketClosed
0x09D9,?,,FIX,4,0,,,
0x09DA,ZC,,VAR,8,0,0xCA8DBB,,ZC_ACK_GUILDSTORAGE_LOG
0x09DB,ZC,,VAR,88,1,0xCA8A35,-1,
0x09DC,ZC,,VAR,81,1,0xCA8A46,-1,
0x09DD,ZC,,VAR,82,1,0xCA8A57,-1,
0x09DE,ZC,,VAR,33,1,0xC9EEE8,,ZC_WHISPER
0x09DF,ZC,,FIX,7,1,0xC9EF1F,,ZC_ACK_WHISPER
0x09E0,?,,VAR,40,0,,,
0x09E1,ZC,,FIX,8,1,,,
0x09E2,ZC,,FIX,8,1,,,
0x09E3,ZC,,FIX,8,1,,,
0x09E4,ZC,,FIX,8,1,,,
0x09E5,ZC,,FIX,18,1,0xCA4871,,ZC_DELETEITEM_FROM_MCSTORE
0x09E6,ZC,,FIX,24,1,0xCA8456,22,
0x09E7,ZC,,FIX,3,1,0xCA8E00,3,
0x09E8,CZ,,FIX,11,1,,11,CZ:Mail_refreshinbox
0x09E9,CZ,,FIX,2,1,,2,CZ:dull
0x09EA,CZ,,FIX,11,1,,11,CZ:Mail_read
0x09EB,ZC,,VAR,24,1,0xC9E1DD,,ZC_ACK_READ_RODEX
0x09EC,CZ,,VAR,64,1,,-1,CZ:Mail_send
0x09ED,ZC,,FIX,3,1,0xCA8E11,3,
0x09EE,CZ,,FIX,11,1,,11,CZ:Mail_refreshinbox
0x09EF,CZ,,FIX,11,1,,11,CZ:Mail_refreshinbox
0x09F0,ZC,,VAR,7,1,0xCA8E44,-1,
0x09F1,CZ,,FIX,11,1,,11,CZ:Mail_getattach
0x09F2,ZC,,FIX,12,1,0xCA8E33,12,
0x09F3,CZ,,FIX,11,1,,11,CZ:Mail_getattach
0x09F4,ZC,,FIX,12,1,0xCA8E22,12,
0x09F5,CZ,,FIX,11,1,,11,CZ:Mail_delete
0x09F6,ZC,,FIX,11,1,0xCA8E55,11,
0x09F7,ZC,,FIX,77,1,,75,ZC_PROPERTY_HOMUN
0x09F8,ZC,,VAR,8,1,0xCA33DB,-1,
0x09F9,ZC,,FIX,143,1,0xCA3426,143,
0x09FA,ZC,,VAR,6,1,0xCA33EC,-1,
0x09FB,CZ,,VAR,8,0,,-1,CZ:pet_evolution
0x09FC,ZC,,FIX,6,1,0xCA8DDD,6,
0x09FD,ZC,,VAR,90,1,0xCA8A02,-1,
0x09FE,ZC,,VAR,83,1,0xCA8A13,-1,
0x09FF,ZC,,VAR,84,1,0xCA8A24,-1,
0x0A00,ZC,,FIX,269,1,,269,ZC_SHORTCUT_KEY_LIST
0x0A01,CZ,,FIX,3,0,,3,"CZ_SHORTCUTKEYBAR_ROTATE1 | CZ:HotkeyRowShift"
0x0A02,ZC,,FIX,4,1,0xCA8DEF,,ZC_DRESSROOM_OPEN
0x0A03,CZ,,FIX,2,1,,2,CZ:Mail_cancelwrite
0x0A04,CZ,,FIX,6,1,,6,CZ:Mail_setattach
0x0A05,ZC,,FIX,63,1,0xCA8E66,,ZC_ACK_ADD_ITEM_RODEX
0x0A06,CZ,,FIX,6,1,,6,CZ:Mail_winopen
0x0A07,ZC,,FIX,9,1,0xCA8E77,9,
0x0A08,CZ,,FIX,26,1,,26,CZ:Mail_beginwrite
0x0A09,ZC,,FIX,55,1,0xCA1D17,,ZC_ADD_EXCHANGE_ITEM
0x0A0A,ZC,,FIX,57,1,0xCA6F0B,,ZC_ADD_ITEM_TO_STORE
0x0A0B,ZC,,FIX,57,1,0xCA6F1C,,ZC_ADD_ITEM_TO_CART
0x0A0C,ZC,,FIX,66,1,0xCA8BB2,,ZC_ITEM_PICKUP_ACK
0x0A0D,ZC,,VAR,4,1,0xCA8BF6,,
0x0A0E,ZC,,FIX,14,1,0xCA2B77,14,ZC_BATTLEFIELD_NOTIFY_HP
0x0A0F,ZC,,VAR,4,1,0xCA8C5C,,
0x0A10,ZC,,VAR,28,1,0xCA8C4B,,
0x0A11,ZC,,VAR,28,1,0xCA8C6D,,
0x0A12,ZC,,FIX,27,1,0xCA8E88,27,
0x0A13,CZ,,FIX,26,1,,26,"CZ_CHECKNAME1 | CZ:Mail_Receiver_Check"
0x0A14,ZC,,FIX,10,1,,10,ZC_CHECKNAME
0x0A15,ZC,,FIX,12,1,0xCA8EE2,,ZC_GOLDPCCAFE_POINT
0x0A16,CZ,,FIX,26,0,,,CZ_DYNAMICNPC_CREATE_REQUEST
0x0A17,ZC,,FIX,6,1,0xCA8EF3,,ZC_DYNAMICNPC_CREATE_RESULT
0x0A18,ZC,,FIX,14,1,,,ZC_ACCEPT_ENTER
0x0A19,CZ,,FIX,2,1,,2,CZ:roulette_open
0x0A1A,ZC,,FIX,25,1,0xCA8F04,23,
0x0A1B,CZ,,FIX,2,1,,2,CZ:roulette_info
0x0A1C,ZC,,VAR,8,1,0xCA8F15,-1,
0x0A1D,CZ,,FIX,2,1,,2,CZ:roulette_close
0x0A1E,ZC,,FIX,3,1,0xCA8F26,3,ZC_ACK_CLOSE_ROULETTE
0x0A1F,CZ,,FIX,2,1,,2,CZ:roulette_generate
0x0A20,ZC,,FIX,23,1,0xCA8F37,,
0x0A21,CZ,,FIX,3,1,,3,CZ:roulette_item
0x0A22,ZC,,FIX,7,1,0xCA8F48,5,
0x0A23,ZC,,VAR,22,1,0xCA8F7C,-1,
0x0A24,ZC,,FIX,66,1,0xCA8FAD,66,
0x0A25,CZ,,FIX,6,1,,6,CZ:AchievementCheckReward
0x0A26,ZC,,FIX,7,1,0xCA8FF4,7,
0x0A27,ZC,,FIX,8,1,0xCA4A25,,ZC_RECOVERY
0x0A28,ZC,,FIX,3,1,0xCA45FA,,ZC_ACK_OPENSTORE2
0x0A29,ZC,,FIX,6,0,0xCA8F6A,,
0x0A2A,?,,FIX,6,0,,,
0x0A2B,ZC,,FIX,14,0,0xCA444A,,ZC_SE_CASHSHOP_OPEN
0x0A2C,?,,FIX,12,0,,,
0x0A2D,ZC,,VAR,45,0,0xCA8CCA,,ZC_EQUIPWIN_MICROSCOPE
0x0A2E,CZ,,FIX,6,1,,6,CZ:change_title
0x0A2F,ZC,,FIX,7,1,0xCA900E,7,
0x0A30,ZC,,FIX,106,1,0xCA9028,,ZC_ACK_REQNAMEALL
0x0A31,ZC,,VAR,8,0,0xCA9039,,
0x0A32,?,,FIX,2,0,,2,
0x0A33,ZC,,FIX,7,0,0xCA8F59,,
0x0A34,?,,FIX,6,0,,,
0x0A35,CZ,,FIX,4,0,,4,CZ:Oneclick_Itemidentify
0x0A36,ZC,,FIX,7,1,0xCA8AAC,,
0x0A37,ZC,,FIX,69,1,0xCA8BC3,,ZC_ITEM_PICKUP_ACK
0x0A38,ZC,,FIX,3,1,0xCA8D1F,,ZC_UI_OPEN
0x0A39,CZ,,FIX,36,1,,,CH_MAKE_CHAR
0x0A3A,ZC,,FIX,12,1,0xCA298C,,
0x0A3B,ZC,,VAR,12,1,0xCA904A,,ZC_EQUIPMENT_EFFECT
0x0A3C,?,,VAR,18,0,,,
0x0A3D,CZ,,FIX,20,0,,,CZ_REQ_APPLY_BARGAIN_SALE_ITEM2
0x0A3E,?,,VAR,16,0,,,
0x0A3F,ZC,,FIX,11,0,0xCA905B,,ZC_UPDATE_CARDSLOT
0x0A40,?,,FIX,11,0,,,
0x0A41,ZC,,FIX,18,0,0xCA906C,,
0x0A42,?,,FIX,43,0,,,
0x0A43,ZC,,FIX,85,0,0xCA97B4,,
0x0A44,ZC,,VAR,28,0,0xCA97A3,-1,
0x0A46,CZ,,FIX,14,0,,,CZ_REQ_STYLE_CHANGE
0x0A47,ZC,,FIX,3,0,0xCA90A4,,ZC_STYLE_CHANGE_RES
0x0A48,CZ,,FIX,2,0,,,"CZ_CLOSE_UI_STYLINGSHOP | CZ_REQ_STYLE_CLOSE"
0x0A49,?,,FIX,22,0,,,
0x0A4A,ZC,,FIX,6,0,0xCA9932,6,
0x0A4B,ZC,,FIX,22,0,0xCA9944,22,
0x0A4C,ZC,,FIX,28,0,0xCA9965,28,
0x0A4D,?,,VAR,64,0,,,
0x0A4E,ZC,,FIX,6,0,0xCA91B5,,ZC_RANDOM_COMBINE_ITEM_UI_OPEN
0x0A4F,CZ,,VAR,8,0,,,CZ_REQ_RANDOM_COMBINE_ITEM
0x0A50,ZC,,FIX,4,0,0xCA91C7,,ZC_ACK_RANDOM_COMBINE_ITEM
0x0A51,ZC,,FIX,34,1,0xCA8E99,34,ZC_CHECKNAME
0x0A52,CZ,,FIX,20,0,,,CZ_REQ_UPLOAD_MACRO_DETECTOR
0x0A53,ZC,,FIX,10,0,0xCA90B5,,ZC_ACK_UPLOAD_MACRO_DETECTOR
0x0A54,CZ,,VAR,8,0,,,CZ_UPLOAD_MACRO_DETECTOR_CAPTCHA
0x0A55,ZC,,FIX,2,0,0xCA90CC,,ZC_COMPLETE_UPLOAD_MACRO_DETECTOR_CAPTCHA
0x0A56,CZ,,FIX,6,0,,,CZ_REQ_APPLY_MACRO_DETECTOR
0x0A57,ZC,,FIX,6,0,0xCA90D8,,ZC_ACK_APPLY_MACRO_DETECTOR
0x0A58,ZC,,FIX,8,0,0xCA90EA,,ZC_APPLY_MACRO_DETECTOR
0x0A59,ZC,,VAR,8,0,0xCA9103,,ZC_APPLY_MACRO_DETECTOR_CAPTCHA
0x0A5A,CZ,,FIX,2,0,,,CZ_COMPLETE_APPLY_MACRO_DETECTOR_CAPTCHA
0x0A5B,ZC,,FIX,7,0,0xCA9127,,ZC_REQ_ANSWER_MACRO_DETECTOR
0x0A5C,CZ,,FIX,18,0,,,CZ_ACK_ANSWER_MACRO_DETECTOR
0x0A5D,ZC,,FIX,6,0,0xCA9141,,ZC_CLOSE_MACRO_DETECTOR
0x0A5E,?,,FIX,26,0,,,
0x0A5F,?,,FIX,8,0,,,
0x0A60,ZC,,FIX,3,0,0xCA9FC7,,
0x0A68,CZ,,FIX,3,1,,3,CZ:open_ui
0x0A69,CZ,,FIX,6,0,,,CZ_REQ_PREVIEW_MACRO_DETECTOR
0x0A6A,ZC,,FIX,12,0,0xCA9153,,ZC_ACK_PREVIEW_MACRO_DETECTOR
0x0A6B,ZC,,VAR,8,0,0xCA9172,,ZC_PREVIEW_MACRO_DETECTOR_CAPTCHA
0x0A6C,CZ,,FIX,7,0,,,CZ_REQ_PLAYER_AID_IN_RANGE
0x0A6D,ZC,,VAR,4,0,0xCA9196,,ZC_ACK_PLAYER_AID_IN_RANGE
0x0A6E,CZ,,VAR,68,1,,-1,CZ:Mail_send
0x0A6F,ZC,,VAR,10,1,0xCA91DB,,
0x0A70,CZ,,FIX,2,0,,,CZ_RANDOM_COMBINE_ITEM_UI_CLOSE
0x0A71,?,,VAR,5,0,,,
0x0A72,?,,FIX,61,0,,,
0x0A73,?,,FIX,2,0,,,
0x0A74,?,,FIX,8,0,,,
0x0A76,?,,FIX,80,0,,,
0x0A77,CZ,,FIX,15,0,,15,"CZ_VIEW_CAMERAINFO | CZ:camerainfo"
0x0A78,ZC,,FIX,15,0,0xC9E2DA,15,ZC_VIEW_CAMERAINFO
0x0A79,?,,VAR,67,0,,,
0x0A7B,ZC,,VAR,4,0,0xC9E1DD,,
0x0A7C,?,,VAR,4,0,,,
0x0A7D,ZC,,VAR,7,1,0xCA91FA,-1,
0x0A7E,ZC,,VAR,5,1,0xCA920B,,
0x0A7F,ZC,,VAR,88,1,,,
0x0A80,ZC,,FIX,6,1,,,
0x0A81,ZC,,FIX,4,1,0xCA9231,,
0x0A82,ZC,,FIX,46,1,0xCA95E9,,
0x0A83,ZC,,FIX,46,1,0xCA95D8,,
0x0A84,ZC,,FIX,94,1,0xCA95FA,,ZC_GUILD_INFO
0x0A85,ZC,,FIX,82,1,0xCA95B6,,
0x0A86,ZC,,VAR,4,1,0xCA95C7,,
0x0A87,ZC,,VAR,4,1,0xCA95A5,,ZC_BAN_LIST
0x0A88,CZ,,FIX,2,0,,,CZ_CMD_RESETCOOLTIME
0x0A89,ZC,,FIX,61,1,0xCA924D,,
0x0A8A,ZC,,FIX,6,1,0xCA9498,,
0x0A8B,?,,FIX,2,0,,,
0x0A8C,ZC,,FIX,2,1,,,
0x0A8D,ZC,,VAR,17,1,0xCA94AA,,
0x0A8E,?,,FIX,2,0,,,
0x0A8F,?,,FIX,2,0,,,
0x0A90,?,,FIX,3,0,,,
0x0A91,ZC,,VAR,25,1,0xCA9515,,
0x0A92,ZC,,VAR,96,1,,,
0x0A93,ZC,,FIX,3,1,0xCA9501,,
0x0A94,ZC,,FIX,2,1,,,
0x0A95,ZC,,FIX,4,1,0xCA960B,,
0x0A96,ZC,,FIX,61,0,0xCA964B,,ZC_ADD_EXCHANGE_ITEM
0x0A97,CZ,,FIX,8,0,,8,CZ:equipswitch_add
0x0A98,ZC,,FIX,10,0,0xCA96C7,12,
0x0A99,CZ,,FIX,4,0,,4,CZ:equipswitch_remove
0x0A9A,ZC,,FIX,10,0,0xCA96D8,10,
0x0A9B,ZC,,VAR,4,0,0xCA96FA,-1,
0x0A9C,CZ,,FIX,2,0,,2,CZ:equipswitch_request
0x0A9D,ZC,,FIX,4,0,0xCA96E9,4,
0x0A9E,?,,FIX,2,0,,,
0x0A9F,?,,FIX,2,0,,,
0x0AA0,ZC,,FIX,2,0,0xCA965C,,ZC_OPEN_REFINING_UI
0x0AA1,CZ,,FIX,4,0,,,CZ_REFINING_SELECT_ITEM
0x0AA2,ZC,,VAR,7,0,0xCA9670,,ZC_REFINING_MATERIAL_LIST
0x0AA3,CZ,,FIX,9,0,,,CZ_REQ_REFINING
0x0AA4,CZ,,FIX,2,0,,,CZ_CLOSE_REFINING_UI
0x0AA5,ZC,,VAR,4,1,0xCA96B6,-1,ZC_MEMBERMGR_INFO
0x0AA6,ZC,,FIX,36,1,0xCA96A5,,
0x0AA7,ZC,,FIX,6,1,0xCA971C,,ZC_MOVE_ITEM_FAILED
0x0AA8,ZC,,FIX,5,1,0xCA9627,,
0x0AA9,ZC,,VAR,4,1,0xCA972D,,
0x0AAA,ZC,,VAR,4,1,,,
0x0AAB,ZC,,VAR,5,1,0xCA9753,,
0x0AAC,?,,FIX,69,0,,,
0x0AAD,?,,FIX,51,0,,,
0x0AAE,?,,FIX,2,0,,,
0x0AAF,?,,FIX,6,0,,,
0x0AB0,?,,FIX,6,0,,,
0x0AB1,ZC,,FIX,14,1,0xC9E1DD,,
0x0AB2,ZC,,FIX,7,0,0xCA97C5,,ZC_GROUP_ISALIVE
0x0AB3,?,,FIX,19,0,,,
0x0AB4,ZC,,FIX,6,0,0xCA97F8,,ZC_RANDOM_UPGRADE_ITEM_UI_OPEN
0x0AB5,CZ,,FIX,2,0,,,CZ_RANDOM_UPGRADE_ITEM_UI_CLOSE
0x0AB6,CZ,,FIX,8,0,,,CZ_REQ_RANDOM_UPGRADE_ITEM
0x0AB7,ZC,,FIX,4,0,0xCA980A,,ZC_ACK_RANDOM_UPGRADE_ITEM
0x0AB8,ZC,,FIX,2,0,0xCA97E7,,
0x0AB9,ZC,,FIX,47,0,0xCA981E,,ZC_CHANGE_ITEM_OPTION
0x0ABA,?,,FIX,2,0,,,
0x0ABB,?,,FIX,2,0,,,
0x0ABC,?,,VAR,4,0,,,
0x0ABD,ZC,,FIX,10,0,0xCA97D6,,ZC_NOTIFY_MEMBERINFO_TO_GROUPM
0x0ABE,ZC,,VAR,6,0,0xCA986D,,ZC_WARPLIST
0x0ABF,ZC,,VAR,4,0,0xCA987E,,
0x0AC0,CZ,,FIX,26,0,,26,CZ:Mail_refreshinbox
0x0AC1,CZ,,FIX,26,0,,26,CZ:Mail_refreshinbox
0x0AC2,ZC,,VAR,5,0,0xCA988F,,
0x0AC3,ZC,,FIX,2,0,0xCA98A0,,
0x0AC4,ZC,,VAR,64,0,,,AC_ACCEPT_LOGIN
0x0AC5,ZC,,FIX,156,0,,,HC_NOTIFY_ZONESVR
0x0AC6,?,,FIX,156,0,,,
0x0AC7,ZC,,FIX,156,1,0xC9E974,,ZC_NPCACK_SERVERMOVE
0x0AC8,ZC,,FIX,2,0,0xCA970B,,
0x0AC9,?,,VAR,47,0,,,
0x0ACA,?,,FIX,3,0,,,
0x0ACB,ZC,,FIX,12,0,0xCA98AC,,
0x0ACC,ZC,,FIX,18,0,0xCA98BD,18,
0x0ACD,?,,FIX,23,0,,,
0x0ACE,CZ,,FIX,4,0,,4,CZ:equipswitch_request_single
0x0ACF,?,,FIX,68,0,,,CT_AUTH
0x0AD0,?,,FIX,11,0,,,
0x0AD1,?,,VAR,8,0,,,
0x0AD2,ZC,,FIX,30,1,0xC9E1DD,,
0x0AD3,ZC,,VAR,4,1,0xC9E1DD,,
0x0AD4,ZC,,VAR,4,1,0xC9E1DD,,
0x0AD5,?,,FIX,2,0,,,
0x0AD6,ZC,,FIX,2,1,0xC9E1DD,,
0x0AD7,?,,FIX,8,0,,,
0x0AD8,?,,FIX,8,0,,,
0x0AD9,ZC,,VAR,6,1,0xC9E1DD,,
0x0ADA,ZC,,FIX,32,1,0xCA98CE,,ZC_BROADCAST_ITEMREFINING_RESULT
0x0ADB,ZC,,VAR,8,0,0xC9EDE9,,ZC_DEBUGMSG
0x0ADC,ZC,,FIX,6,1,0xCA98F5,,
0x0ADD,ZC,,FIX,24,1,0xCA9921,22,
0x0ADE,ZC,,FIX,6,0,0xCA9994,6,
0x0ADF,ZC,,FIX,58,0,0xCA633B,,ZC_ACK_REQNAMEALL_NPC
0x0AE0,?,,FIX,30,0,,,
0x0AE1,ZC,,FIX,28,0,0xCA151F,,
0x0AE2,ZC,,FIX,7,1,0xCA99A5,,ZC_UI_OPEN
0x0AE3,?,,VAR,28,0,,,TC_RESULT
0x0AE4,ZC,,FIX,89,1,0xCA9781,,
0x0AE5,ZC,,VAR,28,1,0xCA9792,,
0x0AE6,CZ,,FIX,10,0,,,"CZ_ADVENTURER_AGENCY_JOIN_REQ | CZ_PARTY_REQ_MASTER_TO_JOIN"
0x0AE7,ZC,,FIX,38,0,0xCA2464,,"ZC_ADVENTURER_AGENCY_JOIN_REQ | ZC_PARTY_REQ_MASTER_TO_JOIN"
0x0AE8,CZ,,FIX,2,0,,2,CZ:changedress
0x0AE9,?,,FIX,13,0,,,
0x0AEC,?,,FIX,2,0,,,
0x0AED,?,,FIX,2,0,,,
0x0AEE,?,,FIX,2,0,,,
0x0AEF,CZ,,FIX,2,0,,2,CZ:attendance_request
0x0AF0,ZC,,FIX,10,0,0xCA99D3,10,
0x0AF1,?,,FIX,102,0,,,
0x0AF2,ZC,,FIX,40,1,,,
0x0AF3,ZC,,VAR,4,1,,,
0x0AF4,CZ,,FIX,11,0,,11,CZ:UseSkillToPos
0x0AF5,ZC,,FIX,3,0,0xCA99BF,,
0x0AF6,ZC,,FIX,88,0,0xCA99FC,,ZC_ACK_RANKING2
0x0AF7,ZC,,FIX,32,0,0xCA99EB,,ZC_ACK_REQNAME_BYGID
0x0AF8,CZ,,FIX,11,0,,,"CZ_ADVENTURER_AGENCY_JOIN_RESULT | CZ_PARTY_REQ_ACK_MASTER_TO_JOIN"
0x0AF9,?,,FIX,6,0,,,
0x0AFA,ZC,,FIX,58,0,0xCA2453,,"ZC_ADVENTURER_AGENCY_JOIN_RESULT | ZC_PARTY_JOIN_REQ_ACK_FROM_MASTER"
0x0AFB,ZC,,VAR,4,1,0xCA9A0D,,ZC_AUTOSPELLLIST
0x0AFC,CZ,,FIX,16,0,,,CZ_REQ_STYLE_CHANGE2
0x0AFD,ZC,,VAR,8,1,0xC9E2C9,,ZC_GUILD_POSITION
0x0AFE,ZC,,VAR,6,1,0xCA3512,,
0x0AFF,ZC,,VAR,8,1,0xCA3534,,
0x0B00,ZC,,FIX,8,1,0xC9E1DD,,
0x0B01,?,,FIX,56,0,,,
0x0B02,?,,FIX,26,0,,,
0x0B03,ZC,,VAR,47,0,0xCA8CDB,,ZC_EQUIPWIN_MICROSCOPE
0x0B04,?,,FIX,190,0,,,
0x0B05,ZC,,FIX,63,1,0xCA936C,,
0x0B07,?,,VAR,47,0,,,
0x0B08,ZC,,VAR,5,1,0xCA9A2C,,ZC_INVENTORY_START
0x0B09,ZC,,VAR,5,1,0xCA9A3D,,
0x0B0A,ZC,,VAR,5,1,0xCA9A6B,,
0x0B0B,ZC,,FIX,4,1,0xCA9A98,,ZC_INVENTORY_END
0x0B0C,ZC,,FIX,155,1,0xCA3523,,
0x0B0D,ZC,,FIX,10,1,0xCA9AE7,,ZC_REMOVE_EFFECT
0x0B0E,ZC,,VAR,4,1,0xCA1331,,ZC_NPC_BARTER_MARKET_ITEMINFO
0x0B0F,CZ,,VAR,4,1,,,CZ_NPC_BARTER_MARKET_PURCHASE
0x0B10,CZ,,FIX,10,1,,,CZ_USE_SKILL_START
0x0B11,CZ,,FIX,4,1,,,CZ_USE_SKILL_END
0x0B12,CZ,,FIX,2,-1,,,CZ_NPC_BARTER_MARKET_CLOSE
0x0B13,ZC,,FIX,48,0,0xCA9AF8,,ZC_CHANGE_ITEM_OPTION
0x0B14,CZ,,FIX,2,0,,,CZ_REQ_OPEN_MSGBOX_EXTEND_BODYITEM_SIZE
0x0B15,ZC,,FIX,7,1,0xCA9B4F,,ZC_ACK_OPEN_MSGBOX_EXTEND_BODYITEM_SIZE
0x0B16,CZ,,FIX,2,0,,,CZ_REQ_EXTEND_BODYITEM_SIZE
0x0B17,ZC,,FIX,3,1,0xCA9B60,,ZC_ACK_EXTEND_BODYITEM_SIZE
0x0B18,ZC,,FIX,4,1,0xCA9B71,,ZC_EXTEND_BODYITEM_SIZE
0x0B19,CZ,,FIX,2,0,,,CZ_CLOSE_MSGBOX_EXTEND_BODYITEM_SIZE
0x0B1A,ZC,,FIX,29,1,0xCA4A5E,,ZC_USESKILL_ACK
0x0B1B,ZC,,FIX,2,1,0xC9E2B8,,ZC_NOTIFY_ACTORINIT
0x0B1C,CZ,,FIX,2,0,,,CZ_PING_LIVE
0x0B1D,ZC,,FIX,2,0,0xC9E1DD,,ZC_PING_LIVE
0x0B1E,CZ,,FIX,14,0,,,CZ_REQ_GUILD_EMBLEM_IMG2
0x0B1F,ZC,,FIX,14,1,,,ZC_CHANGE_GUILD
0x0B20,ZC,,FIX,271,1,0xCA7FDC,,ZC_SHORTCUT_KEY_LIST
0x0B21,CZ,,FIX,13,0,,,CZ_SHORTCUT_KEY_CHANGE2
0x0B22,CZ,,FIX,5,0,,,CZ_SHORTCUTKEYBAR_ROTATE2
0x0B23,?,,FIX,6,0,,,
0x0B24,CZ,,FIX,6,1,,,CZ_ADVANCED_STATUS_CHANGE
0x0B25,ZC,,FIX,6,1,0xCA9BD0,,
0x0B27,ZC,,VAR,4,1,0xCA9BF4,,ZC_GUILD_AGIT_INFO
0x0B28,CZ,,FIX,3,1,,,CZ_REQ_MOVE_GUILD_AGIT
0x0B2B,ZC,,FIX,11,1,0xCA9C05,,
0x0B2C,CZ,,FIX,3,1,,,CZ_REQ_AGIT_INVESTMENT
0x0B2D,ZC,,FIX,11,1,0xCA9C25,,ZC_REQ_ACK_AGIT_INVESTMENT
0x0B2E,ZC,,FIX,4,1,0xCA9C45,,ZC_REQ_ACK_MOVE_GUILD_AGIT
0x0B2F,ZC,,FIX,73,1,0xCA7830,,ZC_PROPERTY_HOMUN
0x0B30,ZC,,VAR,4,1,0xCA9C59,,
0x0B31,ZC,,FIX,17,1,0xCA37BB,,ZC_ADD_SKILL
0x0B32,ZC,,VAR,4,1,0xCA32EF,,ZC_SKILLINFO_LIST
0x0B33,ZC,,FIX,17,1,0xCA317B,,ZC_SKILLINFO_UPDATE2
0x0B34,?,,FIX,50,0,,,
0x0B35,CZ,,FIX,3,0,,,CZ_UNINSTALLATION
0x0B36,ZC,,VAR,14,1,0xCA9BA0,,ZC_GUILD_EMBLEM_IMG
0x0B37,ZC,,VAR,47,1,0xCA8CEC,,ZC_EQUIPWIN_MICROSCOPE
0x0B39,ZC,,VAR,5,1,0xCA9AB4,,
0x0B3C,ZC,,FIX,4,1,0xCA8CFD,,
0x0B3D,ZC,,VAR,12,1,0xCA9D6B,,ZC_PC_PURCHASE_ITEMLIST_FROMMC
0x0B3E,ZC,,VAR,8,1,0xCA8DCC,,
0x0B3F,ZC,,FIX,64,1,0xCA8EC0,,ZC_ACK_ADD_ITEM_RODEX
0x0B40,ZC,,VAR,8,1,0xCA9D7C,,ZC_PC_PURCHASE_MYITEMLIST
0x0B41,ZC,,FIX,70,1,0xCA8D0E,,ZC_ITEM_PICKUP_ACK
0x0B42,ZC,,FIX,62,1,0xCA9CE3,,ZC_ADD_EXCHANGE_ITEM
0x0B43,ZC,,FIX,48,1,0xCA9AC5,,ZC_CHANGE_ITEM_OPTION
0x0B44,ZC,,FIX,58,1,0xCA9CF4,,ZC_ADD_ITEM_TO_STORE
0x0B45,ZC,,FIX,58,1,0xCA9D05,,ZC_ADD_ITEM_TO_CART
0x0B46,CZ,,FIX,10,0,,,"CZ_REQ_ADD_NEW_EMBLEM | CZ_REQ_GUILD_EMBLEM_IMG3"
0x0B47,ZC,,FIX,14,1,0xCA9B82,,ZC_CHANGE_GUILD
0x0B48,?,,FIX,18,0,,,
0x0B49,ZC,,FIX,4,0,0xCA9C78,,
0x0B4A,?,,FIX,6,0,,,
0x0B4B,ZC,,FIX,4,0,0xCA9C8C,,
0x0B4C,CZ,,FIX,2,0,,2,"CZ_GET_ACCOUNT_LIMTIED_SALE_LIST | CZ:dull"
0x0B4D,ZC,,VAR,6,0,0xCA9CA0,,
0x0B4E,ZC,,VAR,6,1,0xCA1320,,ZC_NPC_MARKET_PURCHASE_RESULT
0x0B4F,?,,FIX,2,0,,,
0x0B50,ZC,,FIX,2,0,0xCA9CB1,,
0x0B51,?,,FIX,2,0,,,
0x0B52,ZC,,FIX,2,0,0xCA9CBD,,
0x0B53,?,,FIX,52,0,,,
0x0B54,ZC,,FIX,8,0,0xCA9CC9,,
0x0B55,ZC,,VAR,4,0,0xC9ECD7,,
0x0B56,ZC,,VAR,8,1,0xCA14DB,,ZC_NPC_EXPANDED_BARTER_MARKET_ITEMINFO
0x0B57,CZ,,VAR,4,1,,,CZ_NPC_EXPANDED_BARTER_MARKET_PURCHASE
0x0B58,CZ,,FIX,2,1,,,CZ_NPC_EXPANDED_BARTER_MARKET_CLOSE
0x0B59,CZ,,FIX,4,1,,,CZ_GRADE_ENCHANT_SELECT_EQUIPMENT
0x0B5A,ZC,,VAR,34,1,0xCA9D16,,ZC_GRADE_ENCHANT_MATERIAL_LIST
0x0B5B,CZ,,FIX,14,1,,,CZ_GRADE_ENCHANT_REQUEST
0x0B5C,CZ,,FIX,2,1,,,CZ_GRADE_ENCHANT_CLOSE_UI
0x0B5D,ZC,,FIX,10,1,0xCA9D27,,ZC_GRADE_ENCHANT_ACK
0x0B5E,ZC,,FIX,33,1,0xCA9D38,,ZC_GRADE_ENCHANT_BROADCAST_RESULT
0x0B5F,?,,VAR,5,0,,,
0x0B60,?,,VAR,64,0,,,
0x0B61,?,,VAR,47,0,,,
0x0B62,ZC,,VAR,17,1,0xCA94F0,,
0x0B63,ZC,,VAR,24,1,0xCA8ED1,,ZC_ACK_READ_RODEX
0x0B64,ZC,,VAR,7,1,0xCA84C8,,ZC_SEARCH_STORE_INFO_ACK
0x0B65,ZC,,VAR,4,1,0xCA9D49,,ZC_REPAIRITEMLIST
0x0B66,CZ,,FIX,26,1,,,"CZ_REQ_ITEMREPAIR | CZ_REQ_ITEMREPAIR2"
0x0B67,ZC,,FIX,33,1,0xCA9D5A,,ZC_ITEM_PICKUP_PARTY
0x0B68,ZC,,FIX,12,1,0xCA9DAF,,ZC_TARGET_SPIRITS
0x0B69,ZC,,FIX,18,1,0xCA64C2,,ZC_NOTIFY_EFFECT3
0x0B6A,?,,VAR,63,0,,,
0x0B6B,ZC,,FIX,14,1,0xCA9D8D,,ZC_SUMMON_HP_INIT
0x0B6C,ZC,,FIX,12,1,0xCA9D9E,,ZC_SUMMON_HP_UPDATE
0x0B6D,CZ,,FIX,6,0,,,CZ_SE_CASHSHOP_OPEN2
0x0B6E,ZC,,FIX,14,0,0xCA9DCF,,ZC_SE_CASHSHOP_OPEN
0x0B6F,ZC,,FIX,177,0,,,HC_ACCEPT_MAKECHAR
0x0B70,ZC,,VAR,8,0,,,HC_ACK_CHANGE_CHARACTER_SLOT
0x0B71,?,,FIX,177,0,,,
0x0B72,ZC,,VAR,4,0,,,HC_ACK_CHARINFO_PER_PAGE
0x0B73,ZC,,FIX,8,1,0xCA9DED,,ZC_SOULENERGY
0x0B74,?,,FIX,1026,0,,,
0x0B75,?,,FIX,1026,0,,,
0x0B76,ZC,,FIX,77,1,0xCA7841,,ZC_PROPERTY_HOMUN
0x0B77,ZC,,VAR,4,1,0xCA10CA,,ZC_PC_PURCHASE_ITEMLIST
0x0B78,ZC,,VAR,4,1,0xCA14EC,,ZC_NPC_BARTER_MARKET_ITEMINFO
0x0B79,ZC,,VAR,8,1,0xCA14FD,,ZC_NPC_EXPANDED_BARTER_MARKET_ITEMINFO
0x0B7A,ZC,,VAR,4,1,0xCA130F,,ZC_NPC_MARKET_OPEN
0x0B7B,ZC,,FIX,118,1,0xCA9572,,ZC_GUILD_INFO
0x0B7C,ZC,,VAR,4,1,0xCA9561,,ZC_BAN_LIST
0x0B7D,ZC,,VAR,4,1,0xCA9594,,ZC_MEMBERMGR_INFO
0x0B7E,ZC,,FIX,60,1,0xCA9583,,
0x0B7F,ZC,,FIX,10,1,,,
0x0B8C,ZC,,VAR,5,1,0xCA825A,,ZC_PLAY_NPC_BGM
0x0B8D,ZC,,VAR,5,1,0xCA9DFE,,ZC_REPUTE_INFO
0x0B8E,ZC,,FIX,18,1,0xCA9E25,,ZC_REPUTE_OPEN
0x0B8F,ZC,,FIX,6,0,0xCA9E49,,ZC_OPEN_REFORM_UI
0x0B90,CZ,,FIX,2,0,,,CZ_CLOSE_REFORM_UI
0x0B91,CZ,,FIX,8,0,,,CZ_ITEM_REFORM
0x0B92,ZC,,FIX,5,0,0xCA9E5B,,ZC_ITEM_REFORM_ACK
0x0B93,CZ,,FIX,12,0,,12,CZ:dull
0x0B94,ZC,,FIX,14,0,0xCA9E77,,
0x0B95,ZC,,VAR,4,0,0xCA9E95,,
0x0B96,ZC,,FIX,26,0,0xCA9EB4,,
0x0B97,CZ,,FIX,27,0,,,CZ_CHECKNAME2
0x0B98,CZ,,FIX,6,0,,,CZ_RODEX_RETURN
0x0B99,ZC,,FIX,10,0,0xCA9EE3,,
0x0B9A,ZC,,FIX,11,0,0xCA9EFB,,"ZC_UI_OPEN2 | ZC_UI_OPEN_V3"
0x0B9B,CZ,,FIX,12,0,,,CZ_REQUEST_RANDOM_ENCHANT
0x0B9C,CZ,,FIX,16,0,,,CZ_REQUEST_PERFECT_ENCHANT
0x0B9D,CZ,,FIX,14,0,,,CZ_REQUEST_UPGRADE_ENCHANT
0x0B9E,CZ,,FIX,12,0,,,CZ_REQUEST_RESET_ENCHANT
0x0B9F,ZC,,FIX,10,0,0xCA9F1B,,ZC_RESPONSE_ENCHANT
0x0BA0,CZ,,FIX,2,0,,,CZ_CLOSE_UI_ENCHANT
0x0BA1,ZC,,FIX,3,0,0xCA9F33,,ZC_DIALOG_TEXT_ALIGN
0x0BA2,ZC,,FIX,10,0,0xCA9F47,,ZC_DIALOG_WINDOW_SIZE
0x0BA3,ZC,,FIX,10,0,0xCA9F5F,,ZC_DIALOG_WINDOW_POS
0x0BA4,ZC,,FIX,85,1,0xCA7AA6,,ZC_PROPERTY_HOMUN
0x0BA5,ZC,,FIX,12,1,0xCA7AB7,,ZC_HO_PAR_CHANGE
0x0BA6,ZC,,VAR,8,1,,,ZC_QUEST_DIALOG
0x0BA7,ZC,,VAR,8,1,,,ZC_QUEST_DIALOG_MENU_LIST
0x0BA8,CZ,,FIX,7,1,,,CZ_CHOOSE_MENU_ZERO
0x0BA9,ZC,,VAR,8,1,,,ZC_MONOLOG_DIALOG
0x0BAA,ZC,,FIX,22,1,0xCA2D6A,,ZC_BATTLEFIELD_NOTIFY_HP
0x0BAB,ZC,,FIX,22,1,0xCA2D94,,ZC_NOTIFY_HP_TO_GROUPM
0x0BAC,?,,FIX,22,0,,,
0x0BAD,CZ,,FIX,2,0,,,CZ_REQ_TAKEOFF_EQUIP_ALL
0x0BAE,ZC,,FIX,3,0,0xCA9F8F,,ZC_ACK_TAKEOFF_EQUIP_ALL
0x0BAF,CZ,,FIX,16,0,,,CZ_USE_PACKAGEITEM
0x0BB0,CZ,,FIX,9,0,,,CZ_APPROXIMATE_ACTOR
0x0BB1,CZ,,FIX,3,0,,,CZ_RESET_SKILL
0x0BB2,?,,FIX,2,0,,,
0x0BB3,ZC,,VAR,8,0,0xCA9FA3,,
0x0BB4,ZC,,FIX,31,0,0xCA9AD6,,
0x0BB5,ZC,,FIX,10,0,0xCA9F77,,ZC_DIALOG_WINDOW_POS2
0x0BB6,ZC,,FIX,18,1,,,
0x0BB7,ZC,,VAR,94,1,,,
0x0BB8,ZC,,FIX,16,1,,,
0x0BBA,ZC,,VAR,9,1,0xCA9FB4,,ZC_BROADCASTING_SPECIAL_ITEM_OBTAIN_item
0x0BBB,ZC,,VAR,5,-1,0xCA9FF2,,
0x0BBC,ZC,,FIX,22,1,0xCA9FDB,,
0x0BBD,?,,FIX,6,0,,,
0x0BBE,ZC,,FIX,6,1,0xCAA003,,ZC_SPECIALPOPUP
0x0BBF,ZC,,FIX,12,1,,,
0x0BC0,?,,FIX,3,0,,,
0x0BC1,?,,VAR,13,0,,,
0x0BC2,ZC,,FIX,5,0,0xCAA015,,
0x0BC3,?,,FIX,10,0,,,
0x0BC4,?,,FIX,2,0,,,
0x0BC5,ZC,,FIX,7,0,0xCAA04A,,
0x0BC6,?,,FIX,9,0,,,
0x0BC7,ZC,,FIX,6,0,0xCAA064,,
0x0BC8,ZC,,VAR,27,1,0xCA7087,,
0x0BC9,ZC,,FIX,10,1,0xCAA1B9,,
0x0BCA,ZC,,VAR,8,1,,,
0x0BCB,?,,FIX,4,0,,,
0x0BCC,ZC,,VAR,9,0,0xCAA076,,
0x0BCD,ZC,,VAR,9,0,0xCAA087,,
0x0BCE,?,,FIX,8,0,,,
0x0BCF,ZC,,FIX,9,0,0xCAA098,,
0x0BD0,?,,FIX,8,0,,,
0x0BD1,ZC,,FIX,13,0,0xCAA0C2,,
0x0BD2,?,,FIX,8,0,,,
0x0BD3,ZC,,FIX,13,0,0xCAA0C2,,
0x0BD4,?,,FIX,2,0,,,
0x0BD5,ZC,,FIX,9,0,0xCAA0DE,,
0x0BD6,?,,FIX,8,0,,,
0x0BD7,ZC,,FIX,9,0,0xCAA121,,
0x0BD8,?,,FIX,14,0,,,
0x0BD9,ZC,,FIX,51,0,0xCAA143,,
0x0BDA,?,,VAR,22,0,,,
0x0BDB,ZC,,FIX,19,0,0xCAA031,,
0x0BDC,?,,FIX,18,0,,,
0x0BDD,CZ,,VAR,4,0,,,CZ_ALLY_CHAT
0x0BDE,ZC,,VAR,4,1,0xCA5801,,
0x0BDF,ZC,,FIX,3,0,0xCAA154,,
0x0BE0,?,,FIX,3,0,,,
0x0BE1,ZC,,FIX,3,0,0xCAA168,,
0x0BE2,CZ,,FIX,137,0,,,CZ_REQ_REPORT_USER
0x0BE3,ZC,,FIX,34,0,0xCAA1EB,,
0x0BE4,?,,FIX,14,0,,,
0x0BE5,?,,FIX,8,0,,,
0x0BE6,?,,FIX,8,0,,,
0x0BE7,?,,FIX,4,0,,,
0x0BE8,?,,FIX,4,0,,,
0x0BE9,CZ,,FIX,6,0,,,CZ_REQ_EMOTION_EXPANSION
0x0BEA,ZC,,FIX,10,0,0xCA0B3D,,
0x0BEB,ZC,,FIX,7,0,0xCA0BA0,,
0x0BEC,CZ,,FIX,7,0,,,CZ_REQ_BUY_CASH_EMOTION
0x0BED,ZC,,FIX,9,0,0xCA0C37,,ZC_ACK_BUY_CASH_EMOTION
0x0BEE,ZC,,FIX,5,0,0xCA0C8F,,
0x0BEF,?,,VAR,8,0,,,
0x0BF0,?,,FIX,14,0,,,
0x0BF1,?,,FIX,18,0,,,
0x0BF2,ZC,,FIX,13,0,0xCAA104,,
0x0BF3,CZ,,VAR,4,0,,,CZ_QUEST_STATUS_REQ
0x0BF4,ZC,,VAR,4,0,0xCAA227,,
0x0BF5,CZ,,FIX,6,0,,,CZ_REQ_TAKEOFF_EQUIP_ALL
0x0BF6,ZC,,VAR,10,0,0xCA0AAD,,
0x0BF7,?,,VAR,6,0,,,
0x0BF8,?,,FIX,6,0,,,
0x0BF9,?,,FIX,11,0,,,
0x0BFA,ZC,,FIX,9,0,,,
0x0BFB,CZ,,FIX,35,0,,,
0x0BFC,?,,FIX,6,0,,,
0x0BFD,CZ,,FIX,4,0,,,
0x0BFE,ZC,,VAR,76,0,,,
0x0BFF,ZC,,FIX,24,1,,,
0x0C00,?,,FIX,6,0,,,
0x0C01,?,,FIX,6,0,,,
0x0C02,?,,FIX,6,0,,,
0x0C03,?,,FIX,6,0,,,
0x0C04,?,,FIX,8,0,,,
0x0C05,?,,FIX,30,0,,,
0x0C06,ZC,,FIX,8,0,0xCAA24D,,
0x0C07,?,,FIX,12,0,,,
0x0C08,ZC,,FIX,6,0,0xCA0975,,
0x0C09,?,,FIX,116,0,,,
0x0C0A,?,,FIX,30,0,,,
0x0C0B,CZ,,FIX,18,0,,,CZ_GM_CHECKER
0x0C0C,ZC,,FIX,4,0,0xCAA25F,,ZC_GM_CHECKER
0x0C0D,?,,FIX,167,0,,,
0x0C0E,?,,FIX,689,0,,,
0x0C0F,?,,FIX,610,0,,,
0x0C10,ZC,,FIX,15,0,0xCAA284,,
0x0C11,?,,FIX,11,0,,,
0x0C12,?,,FIX,7,0,,,
0x0C13,?,,FIX,11,0,,,
0x0C14,ZC,,FIX,14,0,0xCAA273,,
0x0C15,ZC,,VAR,9,1,0xCAA17C,,
0x0C16,?,,FIX,9,0,,,
0x0C17,ZC,,FIX,10,1,0xCAA18D,,
0x0C18,?,,FIX,20,0,,,
0x0C19,?,,FIX,8,0,,,
0x0C1A,?,,FIX,20,0,,,
0x0C1B,?,,FIX,8,0,,,
0x0C1C,ZC,,VAR,8,1,,,
0x0C1D,ZC,,VAR,8,1,,,
0x0C1E,?,,FIX,10,0,,,
0x0C1F,ZC,,-,,,,,
0x0C20,CZ,,VAR,4,0,0xC9E1DD,,
0x0C21,ZC,,VAR,4,0,,,
0x0C22,ZC,,FIX,12,0,,,CZ_MOVE_ITEM_TO_PERSONAL
0x0C23,CZ,,FIX,9,0,,,
0x0C24,?,,FIX,979,0,,,
0x0C25,?,,FIX,12,0,,,
0x0C26,?,,FIX,94,0,,,
0x0C27,?,,FIX,2,0,,,
0x0C28,?,,VAR,156,0,,,
0x0C29,ZC,,VAR,26,0,0xC9E1DD,,
0x0C2A,?,,FIX,4,0,,,
0x0C2B,ZC,,FIX,8,0,0xCAA295,,
0x0C2C,ZC,,FIX,4,0,0xCAA2A6,,
0x0C2D,?,,FIX,3,0,,,
0x0C2E,?,,FIX,15,0,,,
0x0C2F,?,,FIX,2,0,,,
0x0C30,?,,FIX,15,0,,,
0x0C31,?,,VAR,7,0,,,
0x0C32,?,,VAR,64,0,,,
0x0C33,?,,FIX,8,0,,,
0x0C34,?,,FIX,3,0,,,
0x0C35,ZC,,FIX,6,0,0xC9E1DD,,
0x0F00,CZ,OURS,-,,,,,
0x0F01,ZC,OURS,-,,,,,
0x0F02,CZ,OURS,-,,,,,CZ_BOURGEON_INTEGRITY
0x0F03,ZC,OURS,-,,,,,ZC_BOURGEON_KICK_NOTICE
0x0F04,CZ,OURS,-,,,,,CZ_BOURGEON_SETTING
0x0F05,ZC,OURS,-,,,,,ZC_BOURGEON_SETTINGS
0x0F06,CZ,OURS,-,,,,,CZ_BOURGEON_PRESET_CMD
0x0F07,ZC,OURS,-,,,,,ZC_BOURGEON_PRESET_LIST
0x0F08,ZC,OURS,-,,,,,ZC_BOURGEON_DISCORD_MSG
0x0F09,ZC,OURS,-,,,,,ZC_BOURGEON_SKILL_DMG
0x0F0A,CZ,OURS,-,,,,,CZ_BOURGEON_CHEAT_REPORT
